bitcoin_address,amount,date,time,time_zone,purchase_app,category,time_offset
13q3QxRNsksDNdVhRJnQMb8WLxnH2RqW4A,"€8605,56",19-Oct-2020,11:12:56 PM,Europe/Warsaw,Stim,Music,10
1HDSWNybswRtsFFGLFxAQrRzkvssT3NNaR,"€2019,11",28-Dec-2020,9:43:06 PM,Asia/Shanghai,Treeflex,,-3
12kiq1UUw6aBgnGZBMFZaW7hDbH51uA4A6,"€9984,66",26-Nov-2020,5:56:19 PM,Asia/Harbin,Konklab,Industrial,4
1EXyq8wdLhZcDECocKDGZ7aCq6RmETeYJb,"€5709,95",03-Jun-2020,7:38:22 PM,Asia/Tehran,Otcom,Beauty,-4
15mp1C8hQeZ8gU5cqT61YBevptAtsjdWZQ,£5149.41,18-Sep-2020,8:57:58 PM,Europe/Kiev,Veribet,,2
1LEF7hCLDDjRJ4K65h4FnEaYZyepbM7dta,$8248.19,03-Mar-2021,,Europe/Athens,Zamit,Industrial,11
1FGcQ9YhRWH8SKGnxp55PzgmYqKZPC9j9A,£614.72,05-Jun-2020,10:38:35 PM,Europe/Warsaw,Andalax,Games,10
1JiCnq4Rr6DpgzuTznZ6Lek8Sbf7mqMkNa,,02-Mar-2021,4:03:56 AM,Europe/Tallinn,Tampflex,Garden,11
19JHZUhKjRtcWtL91PQiBUq8ABginr3cfY,£259.63,17-Jul-2020,8:03:46 AM,Asia/Tokyo,Redhold,,9
14A7xJxWgMatvjzpDGBDxKwLkdEimv4T8f,$5488.49,26-Apr-2020,8:40:55 PM,Asia/Chongqing,Mat Lam Tam,Books,2
133Avc1Rf7Lq1kV5TAgibgo6T22UhAVxgC,£7326.94,02-Aug-2020,7:07:56 AM,Asia/Manila,Cardify,Tools,-6
1PjWdto3Vr4sLwc6Hipk5mX8dMEyK2AtGE,,14-Jul-2020,12:57:08 PM,Asia/Riyadh,Pannier,Music,-4
1BMXQwQz2zBZJhTPCED1xee9Qq1rgXyGNi,$7579.19,13-Feb-2021,11:24:36 PM,Asia/Shanghai,Redhold,Baby,-3
18K48Y9mV3dot6QeA1fzU2xacg31GHeAq3,$5129.32,16-Feb-2021,3:08:16 PM,Asia/Chongqing,Wrapsafe,Beauty,2
1GMonRgcncJDFmYUtZVzqQYKneVscAQ1Fc,"€6005,33",19-Nov-2020,6:32:20 PM,Europe/Belgrade,Aerified,,-5
15gr3Wvjbb7fWszPdJ9P3wN7Lxgng1quUG,$5841.06,11-Sep-2020,2:44:10 PM,Asia/Harbin,Veribet,Movies,4
1NPThpZ7h2GwbvmKC6zqxNkUPk86ddkGgz,£8620.99,20-Apr-2020,,Africa/Gaborone,Rank,Shoes,-11
1C37g6Z9x6MzvyPJp86rcxqgSBHEyNkFGy,$503.81,21-Nov-2020,10:16:30 AM,Europe/Minsk,Trippledex,Beauty,5
1Pd4iujMZnynAGa8UACJzfUepfdrfPjazD,"€5775,27",09-Mar-2020,5:51:48 AM,Africa/Johannesburg,Stringtough,Outdoors,-6
1CFEhR6iTtNvjHZUioKhDkYY9hjp9KdkWt,¥4087.30,05-Sep-2020,1:13:55 PM,Asia/Shanghai,Biodex,Games,-3
12VrC5atYzdAJjzyZXQ7GxeyxCi56bZw71,£4642.23,11-Feb-2021,4:17:07 AM,America/Edmonton,Bamity,,8
1Hh7XmstSTxLGs2uoC7n2D4USbrT9AtfgF,¥3229.06,02-Jun-2020,10:09:33 PM,Europe/Warsaw,Subin,Electronics,10
1QAw5quAhVS4kz2fzHL41xuaXqeXAjCjwq,¥2878.31,26-Dec-2020,4:54:10 AM,Africa/Dar_es_Salaam,Mat Lam Tam,Outdoors,-11
12p93f97XLrkgPkxxtLuY2mT3nYrgfLQcG,£7789.90,05-Jul-2020,2:02:48 AM,Europe/Moscow,Stringtough,Electronics,-6
1A5unwi9r9iQyLEVKs1mUYcDQzPjC44Ynq,$8451.84,14-Jan-2021,11:34:07 PM,Asia/Tokyo,Hatity,Grocery,9
16NAHyd4AeF4dfqWwV6iRBZ5R3jizfzAE2,£6592.00,12-Jun-2020,,America/Bogota,Gembucket,Tools,-7
1Njk66xqykvTvx134jRFGNNxJjdWMTAXjf,£6959.92,01-Jan-2021,10:01:12 PM,Asia/Makassar,Fixflex,Shoes,-8
1Hs57krdQygFJ7En2a25yXhqo743wVYZGJ,¥9296.20,24-Aug-2020,6:19:16 PM,Europe/Paris,Sonair,Clothing,-6
1HMerTzVYZ7Zfg146SEN1yFhGEFoAvYxmm,$1756.61,26-Nov-2020,12:35:34 AM,America/Lima,Andalax,Movies,-1
12kiq1UUw6aBgnGZBMFZaW7hDbH51uA4A6,£7841.76,21-Oct-2020,8:01:28 PM,America/Phoenix,Stim,Jewelery,11
15u6ye1CeBpA4jK8Jj7Emd5EqppLYDHq3L,,07-May-2020,9:23:08 AM,Asia/Jakarta,Wrapsafe,Tools,10
1LtYQuDJ1aSv2hGgAY1KjqY53WwFeo5Vk8,,11-Feb-2021,5:46:25 AM,Europe/Bucharest,Bitchip,Movies,5
1LR7kKhG858oLMuPrttKpg3grBUW5qmgzQ,¥8190.66,01-Dec-2020,10:17:44 PM,Europe/Lisbon,Toughjoyfax,Movies,2
1KGBbMgpZqi6mvMh42k7evTXRRxJQp8tzc,$421.60,24-Feb-2021,8:32:47 AM,America/New_York,Bitchip,,-1
1K5WpWyZv57k24SNC9uZzW1fp2mPy8tYW9,¥9288.08,31-Dec-2020,12:37:17 AM,Europe/Lisbon,Toughjoyfax,Beauty,2
1MPvv9jF1LN9TvVf5qm9QMkfY3BgUo55aQ,"€3315,48",16-Jul-2020,7:37:33 AM,Europe/Sofia,Rank,Automotive,3
14A7xJxWgMatvjzpDGBDxKwLkdEimv4T8f,£95.60,07-Sep-2020,2:07:03 PM,Asia/Aden,Temp,Tools,-11
1BtgPNHNxAHSHzo6GKcSe7GjLL5pq4tSw,¥2414.82,24-Jan-2021,12:47:46 PM,America/Lima,Bitchip,Shoes,-1
14nPTcNhJf51n4THb9WrJMU9tWVYUtrCaW,£2118.75,30-Aug-2020,4:24:30 AM,Europe/Berlin,Lotstring,Kids,-2
1rQwgY5Q2NykkjsTmmU6f6BswNzf7VJxq,"€5628,89",15-Jun-2020,5:46:10 AM,Africa/Niamey,Voyatouch,Jewelery,-5
1Hh7XmstSTxLGs2uoC7n2D4USbrT9AtfgF,£7035.26,28-Oct-2020,12:47:53 AM,Europe/Lisbon,Latlux,Automotive,2
1EhanWHmEPsP2mrtoTTorFC15Lp9PVJQPD,$2790.60,19-Jun-2020,6:14:11 AM,Asia/Manila,Voltsillam,Grocery,-6
1DcMPZCwZQBdkyoK1LuExH26CMc28cYvLZ,¥3884.59,29-Jul-2020,6:06:10 PM,Asia/Manila,Cardguard,Shoes,-6
15Rd7KhafwvZWtxCjGjT9rLrn5Ri2Fq7tQ,£7776.89,06-Mar-2021,7:27:12 AM,Asia/Kuching,Konklux,Music,-9
12ZBiCVh5URVWsfV3Kcp8QN9HUWdQdQ45W,$6233.74,20-Dec-2020,3:35:55 AM,Asia/Harbin,Konklux,Home,4
13TssnLdS3r8NWyuVyePosYuieNYPGkwmC,$7375.72,10-Apr-2020,3:41:20 PM,Asia/Chongqing,Kanlam,Clothing,2
1K3qKyx3ju4DW4VFx1LdmvFyQN9kQaNc2S,¥7520.96,28-Jun-2020,12:05:17 PM,Asia/Dushanbe,Veribet,Baby,-4
1PyLaqsnTdEaoGueQzutL3heB34yNC3AtB,$7717.75,30-Jan-2021,2:24:51 AM,Asia/Harbin,Bigtax,Outdoors,4
15pMy3TXZWHhiLqxHSADB1qtAkeEbx5Uig,$3741.37,24-Nov-2020,,Asia/Kathmandu,Otcom,Shoes,6
1Diwzjr74AETWuKXX39spVb14FKwzx2yvv,$1067.58,03-Mar-2021,7:51:07 AM,America/Regina,Andalax,,-2
1J9GjTJ7fA8YJXHRwJJXyXQAbbScW4xk4u,"€3042,05",28-Aug-2020,11:06:24 PM,Asia/Baku,It,Baby,-7
12kiq1UUw6aBgnGZBMFZaW7hDbH51uA4A6,$5580.62,06-Feb-2021,11:53:55 AM,Africa/Kampala,Y-find,Home,1
18xrGzvBuSxGtaYeWNjiRzQn1qfW7giaXY,£4894.70,09-Jan-2021,,Asia/Harbin,Andalax,Music,4
1CzbeXKiKSbUJjeEYY9WbgjLBTMQ65rEwJ,£2874.56,07-Feb-2021,,America/New_York,Y-find,Computers,-1
1ATRnsgY9qXChPLAjxWERCCxWCZ6tgS8Zb,"€2193,56",04-Mar-2021,4:49:58 AM,Europe/Vienna,Zamit,,-6
1NJGgbVy2SeVeYptChcrnYdwUXh8DgUDR8,$5705.44,15-Aug-2020,9:33:49 AM,Europe/Prague,Voltsillam,Clothing,-2
18ok74R1XFA9ygS2PsdyXBGJJP2AVSke8S,$6289.81,21-Mar-2020,4:25:20 PM,Africa/Freetown,Bytecard,,1
1NttLNueoDhW83Dk9jukz6N1GaBAHMKUWP,"€9345,31",27-Nov-2020,12:13:43 AM,Asia/Almaty,Prodder,,8
1FPCB958z6vxrkWUruHjPHLQu3FqM9jGYH,"€8924,08",06-Apr-2020,4:20:13 PM,Asia/Makassar,Bitwolf,Outdoors,-8
1DcMPZCwZQBdkyoK1LuExH26CMc28cYvLZ,£3186.69,11-Jun-2020,,Africa/Accra,Tin,,-7
12Wg9evS5LtDSHJawo1qRiogdoQx6DEsDj,£6531.64,08-Jul-2020,11:36:21 PM,Europe/Belgrade,Matsoft,,-5
1G3YhuWgUpWZJ6FnffkFXnYWhfUpmYPjmC,"€3408,68",15-Aug-2020,8:14:28 PM,Europe/Oslo,It,,5
14A7xJxWgMatvjzpDGBDxKwLkdEimv4T8f,"€3770,05",18-Feb-2021,,Asia/Shanghai,Fix San,Books,-3
18gzCfesRJBm2dgHvsn7sXjE5oioTF6Whn,¥6513.23,08-Jun-2020,,Europe/Lisbon,Zontrax,Health,2
16vWdi3cQR4V3Pzxqa5f6toJimz3q9j3gb,¥9591.29,04-May-2020,9:48:02 AM,Europe/Uzhgorod,Alpha,Garden,-1
1LhaFVTknpitRDYXd9MqRG2sCQUf7m3MHd,"€8942,74",29-Aug-2020,11:01:41 PM,Asia/Chongqing,Voltsillam,Music,2
1Ng24YbPwHBBZWoqjUE37tE4jm4Aue5Jsg,£7136.65,22-Oct-2020,,Europe/Copenhagen,Toughjoyfax,Electronics,-11
1Dkn7aSZJvYxxZuqC5hFZCQKcQZSeQ74dp,$7015.33,13-May-2020,8:26:01 PM,Asia/Tehran,Solarbreeze,Health,-4
1GLb7c4p2WU1QqceR3PPXHsRWUF8HbPuu1,£5925.41,18-Aug-2020,10:44:51 PM,Africa/Freetown,Cardguard,,1
1QLarYTxJijnyUbVfCr6WS5GLvnVPhxbHk,£8304.80,17-Nov-2020,9:23:58 AM,Asia/Jakarta,Subin,,10
114omuQEmEgLj8PehpCvJyQ5ddGjE6zKtq,£1681.11,15-Jun-2020,8:50:30 AM,Asia/Chongqing,Lotlux,Music,2
1Ep9iBpAqiupY3r81yAKiNpJLg4LN665ML,¥810.23,06-Sep-2020,6:44:09 PM,Asia/Irkutsk,Fix San,Movies,2
154HbKoHAQu3jXEtQ8Y7WgWHQufrrwXEac,$1126.18,04-Feb-2021,7:29:10 AM,Africa/Johannesburg,Regrant,Books,-6
1CvGzVWyp41RZh4PdGomF5ikhmZeJHrtjH,£5209.43,04-Jun-2020,,Asia/Shanghai,Daltfresh,Health,-3
1FgVog8Gt6TxGeV6iQHedupyRNHP7XHcfJ,£4757.33,01-Dec-2020,,Europe/Vienna,Ronstring,Home,-6
1GbfygqKFW3hU5mh58biAqQie12G5QNYX6,£2382.11,03-Oct-2020,1:40:01 AM,Asia/Yerevan,Tin,Baby,6
15Rd7KhafwvZWtxCjGjT9rLrn5Ri2Fq7tQ,$1226.01,26-May-2020,,Asia/Harbin,Zaam-Dox,Electronics,4
1Fgap469hmqCDPkvDAKqHpBXBoRRQ25Fzv,£7370.98,27-Aug-2020,,Asia/Shanghai,Zamit,Shoes,-3
1EXyq8wdLhZcDECocKDGZ7aCq6RmETeYJb,¥7880.28,12-Nov-2020,8:22:45 PM,Asia/Manila,Tresom,Kids,-6
14vNPPeYo4w76H4xohevKcVGtgUMdB12gr,$5407.14,04-Oct-2020,6:24:46 PM,Europe/Tirane,Home Ing,Shoes,-11
1AtWXNneX6bchgcv9qEiWAJMnTT19omEnR,$3563.49,14-Apr-2020,11:51:23 AM,Europe/Lisbon,Redhold,Sports,2
18xrGzvBuSxGtaYeWNjiRzQn1qfW7giaXY,"€5960,37",05-Feb-2021,9:17:14 PM,Asia/Urumqi,Trippledex,Games,-7
1PjWdto3Vr4sLwc6Hipk5mX8dMEyK2AtGE,£7682.23,16-Nov-2020,,America/Bogota,Sub-Ex,Sports,-7
1NvB4o74VXYvmw3yKe9or5nqTaeEaUCm7Q,$6808.86,27-Jun-2020,1:05:35 PM,Asia/Manila,Tin,,-6
19w8vfFgZfEGQe5pJMA1PqWmyPDiP6tujk,"€8609,97",24-Jan-2021,7:16:06 PM,Africa/Lagos,Job,,11
1Pxkvv2W8qSPss1sKvqKR8EWpMXSfFNhKu,¥5432.99,06-Mar-2021,6:58:15 PM,Europe/Athens,Gembucket,Computers,11
1GN8fKJqRcgschEe1i4su3C19Q8gMNGxBE,¥8090.68,29-Dec-2020,11:49:53 AM,Europe/Moscow,Treeflex,Beauty,-6
15zNYn8qP2cSR5A7hbm7ai8Wbm5ehMTWTX,"€2995,36",10-Dec-2020,10:22:30 AM,Atlantic/Cape_Verde,Sonair,Movies,-10
114omuQEmEgLj8PehpCvJyQ5ddGjE6zKtq,"€6283,44",18-Jul-2020,3:29:22 AM,Europe/Paris,Redhold,Baby,-6
1EC6MRADQpDyXVt7SjBecmmLiHUPMhQvqb,$7904.80,12-Aug-2020,10:19:35 AM,Europe/Athens,Daltfresh,Music,11
1QJo9K6X8MnoiNkHPXZX5Ux4SpXL33FThc,$9881.90,21-Apr-2020,12:59:28 AM,Asia/Chongqing,Job,Baby,2
19v669iw36K4T8iGGx3qna9Tj6C8YdJbHc,¥6545.61,26-Mar-2020,5:59:21 PM,America/Argentina/Cordoba,Latlux,Sports,-4
1GYmDgBfg6yjXkx1zHKs5BEXChJWYvycbm,£8213.10,22-Dec-2020,5:59:51 PM,Asia/Shanghai,Regrant,Jewelery,-3
1KUcVfRVnLhRxSitsEpRKd7G2fmfZEr6Rg,$4850.37,07-Sep-2020,11:14:54 PM,Europe/Moscow,Fintone,Beauty,-6
1BXjdejnocqo3cuQ75mka6pmykA6EujDD1,$9130.11,20-May-2020,9:08:35 PM,Asia/Chongqing,Flowdesk,Shoes,2
12D2ZXnNqjM7MtJ6kS5JpAYQoBZhwfuHJT,"€4185,92",27-Mar-2020,10:47:01 PM,America/Bogota,Y-Solowarm,Music,-7
1C1muH7khwsK2D5W6TYcmpcfbSUrNNYjif,¥2518.10,08-Dec-2020,12:08:54 PM,Europe/Sarajevo,Y-find,Health,5
1Cksrmz11oADH6F2nK4NF6Mkbz8FhhghN1,"€8786,19",04-May-2020,6:52:12 AM,Europe/Zurich,Fix San,,-5
1rQwgY5Q2NykkjsTmmU6f6BswNzf7VJxq,$83.55,19-Feb-2021,7:37:30 PM,Europe/Ljubljana,Wrapsafe,,-2
1JiCnq4Rr6DpgzuTznZ6Lek8Sbf7mqMkNa,"€3709,64",12-Nov-2020,3:28:58 AM,Asia/Manila,Zoolab,,-6
1KidYU5dABnfHgko4usUWPTAB94gcmYr6g,£8689.42,19-Feb-2021,,Asia/Tokyo,Greenlam,Grocery,9
19LHaRKA3gkMUN4AsLt26k9hyJ3Pmpu9Pg,£6935.70,19-Oct-2020,12:44:11 AM,America/Bogota,Sonair,Baby,-7
17xfskxyW9MdfbcsVhsKSrKCjHpd5UEH6T,£6446.41,26-Sep-2020,10:44:09 AM,Asia/Yekaterinburg,Flexidy,Home,11
1Cgicp7N2EmAcwsvuWLRfFpS9r5RZ5nwMk,$9510.56,19-Jul-2020,5:43:30 AM,Asia/Shanghai,Cookley,Grocery,-3
14vNPPeYo4w76H4xohevKcVGtgUMdB12gr,¥161.30,03-Aug-2020,5:27:24 PM,Asia/Shanghai,Bitwolf,Jewelery,-3
16yGYfj2FAdFk3KxA52FREDzRjzvHWSMa3,"€4341,98",16-Apr-2020,9:14:31 PM,Europe/Uzhgorod,Lotstring,Industrial,-1
1LtYQuDJ1aSv2hGgAY1KjqY53WwFeo5Vk8,"€9914,36",06-Jun-2020,3:38:49 PM,Asia/Amman,Voltsillam,,9
18XBXxs3CyqkUXqFk8pxkDsyVgCbQTp41Y,£8563.15,09-Mar-2020,12:03:45 AM,Asia/Chongqing,Toughjoyfax,Beauty,2
1JiCnq4Rr6DpgzuTznZ6Lek8Sbf7mqMkNa,"€4170,98",04-Mar-2021,6:21:56 PM,Asia/Jakarta,Konklab,Movies,10
19v669iw36K4T8iGGx3qna9Tj6C8YdJbHc,£7943.02,20-Oct-2020,4:59:27 PM,America/Lima,Lotstring,Toys,-1
12Wg9evS5LtDSHJawo1qRiogdoQx6DEsDj,"€8412,09",14-Aug-2020,8:44:39 PM,Asia/Shanghai,Lotlux,Movies,-3
1LtYQuDJ1aSv2hGgAY1KjqY53WwFeo5Vk8,¥9314.47,01-Dec-2020,8:56:17 PM,America/Panama,Stronghold,Baby,-3
1HkZqT2m5xBFwbw3kdTCr9dPewFhjEH4jx,¥4835.06,14-Dec-2020,7:43:20 AM,America/Caracas,Zoolab,Books,-2
1FtLiyRh9AAruZmab29byHGotwXM76gS3h,¥2894.74,21-Jan-2021,12:36:41 PM,Asia/Baku,Flowdesk,Toys,-7
1KUcVfRVnLhRxSitsEpRKd7G2fmfZEr6Rg,"€167,03",01-Jan-2021,3:00:59 PM,Asia/Macau,Holdlamis,Shoes,-2
1KQApwKX52aFuDBEWHnTWPS2V3kyKTktbh,£6144.49,05-May-2020,11:39:28 PM,Europe/Warsaw,Prodder,Toys,10
13TssnLdS3r8NWyuVyePosYuieNYPGkwmC,£3314.97,13-Dec-2020,2:32:44 PM,America/Lima,Cookley,Health,-1
1FM5M7nFe8DbAKtfvjvtEovCtagc3zQdyp,¥71.75,23-May-2020,10:49:06 PM,Asia/Shanghai,Holdlamis,,-3
1Q6TtbR1Qf1LDL6Vz1FJXTc7uNdTw4Vu8d,$4305.41,22-Feb-2021,11:27:25 PM,Asia/Jakarta,Fixflex,Books,10
18vSWQR8c6oekve6LcFqJW22s36m86DKuk,$8981.06,04-Oct-2020,2:54:49 AM,Asia/Tokyo,Holdlamis,,9
15pMy3TXZWHhiLqxHSADB1qtAkeEbx5Uig,£2573.10,09-Apr-2020,9:54:49 PM,Europe/Stockholm,Veribet,Movies,-6
12yMd5AShyrYZANk46FUatSgZyj7obidPH,£2569.45,29-May-2020,1:32:32 PM,Asia/Jakarta,Fintone,Automotive,10
1GvBV5gX7iXaX4NDG5USSHXhW4QQMoXAC3,$4259.61,17-Nov-2020,9:20:59 PM,Asia/Bangkok,Rank,Garden,7
12ZBiCVh5URVWsfV3Kcp8QN9HUWdQdQ45W,"€1969,49",25-Nov-2020,8:54:23 AM,Asia/Jakarta,Veribet,Baby,10
1NttLNueoDhW83Dk9jukz6N1GaBAHMKUWP,"€1640,62",18-May-2020,4:12:36 AM,Asia/Jakarta,Greenlam,Games,10
1MrAnuZ1RA9nRrNd41CeWMLA74hyph4Wpz,£5649.02,02-Sep-2020,12:49:03 PM,Asia/Kabul,Temp,Tools,8
1GLb7c4p2WU1QqceR3PPXHsRWUF8HbPuu1,$2495.18,24-Apr-2020,6:42:54 AM,America/Lima,Job,Sports,-1
18XBXxs3CyqkUXqFk8pxkDsyVgCbQTp41Y,£1458.75,16-Jan-2021,,America/Chicago,Fintone,,-6
1EXyq8wdLhZcDECocKDGZ7aCq6RmETeYJb,£2984.91,22-Jan-2021,2:46:19 PM,America/Lima,Stim,Jewelery,-1
15zNYn8qP2cSR5A7hbm7ai8Wbm5ehMTWTX,£1342.86,13-Sep-2020,,Europe/Lisbon,Daltfresh,Sports,2
1G835v3hj1R3ytDXzBJnNE7mBwv5PUK7L,"€2250,78",08-Feb-2021,6:03:32 AM,Asia/Pontianak,Voltsillam,,-4
1NjFbuUkdyJLUxaZHJtefGscgMgeaf7FGm,"€3143,19",15-Dec-2020,8:59:59 PM,Asia/Krasnoyarsk,Konklab,Books,0
15mp1C8hQeZ8gU5cqT61YBevptAtsjdWZQ,£4085.95,25-Apr-2020,5:33:17 PM,America/Sao_Paulo,Cardify,Kids,-4
1HZVMJW316psSnpbKvpScPFFrefkASmgNs,£2785.50,21-Feb-2021,5:20:53 AM,Asia/Chongqing,Ronstring,,2
1F5x8K1MeGiUZHHetdxujpG36VR2LhpNmj,"€6216,17",11-May-2020,6:22:36 PM,Asia/Shanghai,Pannier,Clothing,-3
1HeFpXL6VoAEKLydfvvSejPrQcznjMSaxf,$1821.11,17-Sep-2020,,America/Bogota,Kanlam,Home,-7
1JgRb8Lex1wnQ3eXZc8LE18XnvNu2LSyLj,"€6061,87",22-Nov-2020,4:39:21 AM,Asia/Chongqing,Stronghold,Health,2
1D9p5nSsA6rmeQMi4Fq1vi2TM8g29BsTga,£6557.25,09-Jun-2020,1:27:31 PM,Europe/Lisbon,Holdlamis,Outdoors,2
1FCJSyMBuYEezNmG93G2Auks5JnWf9i8Vj,"€9029,78",21-Aug-2020,12:08:26 AM,Australia/Sydney,Solarbreeze,Sports,-8
1DcMPZCwZQBdkyoK1LuExH26CMc28cYvLZ,$8868.07,22-Jan-2021,4:05:24 AM,Asia/Manila,Viva,,-6
1AkaCFEUQjBohczpmzz3a3FJsrWUZcxVhh,"€1043,30",01-Dec-2020,3:15:30 PM,Asia/Urumqi,Konklux,,-7
1GoVtrjPQ25VFutdxbnoktGwE8Wy8aGieC,"€1887,33",18-Oct-2020,9:35:55 PM,Asia/Makassar,Transcof,Music,-8
1KCoSYQpDYHjWauVapAWfYsUNQhvJpTqVR,$509.18,31-Aug-2020,7:11:48 AM,Asia/Dhaka,Toughjoyfax,Health,4
19v669iw36K4T8iGGx3qna9Tj6C8YdJbHc,¥1633.10,29-Oct-2020,,Asia/Shanghai,Hatity,Shoes,-3
1LJd6WaZEm8NVQMpp9NveNgAcmh8J54FCT,$8888.76,01-Jan-2021,,Asia/Kolkata,Voyatouch,Garden,-7
1DcMPZCwZQBdkyoK1LuExH26CMc28cYvLZ,¥1683.19,11-Jan-2021,12:01:16 AM,Asia/Vladivostok,Rank,Games,7
1FCJSyMBuYEezNmG93G2Auks5JnWf9i8Vj,"€461,46",04-Oct-2020,11:54:00 AM,Africa/Bangui,Aerified,Kids,7
1DcQvXSjTqsMYCBCYzALZCHdD4g3t34Gmw,$5120.92,03-Mar-2021,10:04:35 AM,Europe/Prague,Y-Solowarm,Industrial,-2
1FQdyzGckRCZicvPDgNcrtCRadY2Yy7Tgp,"€5144,83",26-Sep-2020,10:40:22 PM,Asia/Bangkok,Fix San,Home,7
18gzCfesRJBm2dgHvsn7sXjE5oioTF6Whn,£1236.17,07-Apr-2020,9:46:25 AM,Asia/Tehran,Quo Lux,Computers,-4
1FgVog8Gt6TxGeV6iQHedupyRNHP7XHcfJ,"€9338,05",13-May-2020,,Asia/Bangkok,Domainer,,7
15XgrKkqc4sgcAwcBJ6wEzpAApkSydSUxj,¥2325.68,13-May-2020,2:38:18 PM,Europe/Moscow,Mat Lam Tam,Garden,-6
1AmV9kjoxC5w8QKPiKqRug4uDLSMfmHiQ2,¥4972.43,30-Aug-2020,4:30:35 PM,Europe/Warsaw,Zathin,Sports,10
1QAsVbRw2BAumyUencSaWzZoCUemjky2o6,¥1507.65,30-Jul-2020,4:47:53 PM,Europe/Prague,Stronghold,Outdoors,-2
1BtgPNHNxAHSHzo6GKcSe7GjLL5pq4tSw,£4752.83,05-Jan-2021,8:00:56 PM,Europe/Athens,Aerified,Electronics,11
1KidYU5dABnfHgko4usUWPTAB94gcmYr6g,£4778.46,09-Jun-2020,1:08:38 PM,Europe/Berlin,Kanlam,Jewelery,-2
1CQ7MsWF33fPGVgMkyQfUtk29CDSqKSTUd,£8418.20,26-Oct-2020,10:33:01 AM,Asia/Manila,Ventosanzap,Tools,-6
1JHWxWG87dZyGDnnt3xm5ipoJyxZT8QSTp,$5052.73,14-Oct-2020,5:46:50 AM,Europe/Warsaw,Subin,Home,10
1CCXUGxvBmnkMmpF9J6v1hfu2oRqtJxEVF,$6998.18,30-Aug-2020,4:29:07 PM,Asia/Makassar,Voyatouch,Health,-8
1Q6TtbR1Qf1LDL6Vz1FJXTc7uNdTw4Vu8d,"€3272,54",11-Oct-2020,11:41:24 PM,Asia/Makassar,Greenlam,,-8
1H7c13THbWUzGcx78bQpzCoUAYCTYSaYpE,¥509.96,16-Jul-2020,2:59:38 PM,Africa/Johannesburg,Tampflex,Outdoors,-6
1Eyu1aw76p4m8k48uUs5cvkqaPyvfHPsQi,$9583.77,08-Sep-2020,12:05:47 AM,America/Costa_Rica,Stim,Garden,-4
1JfLg2UkKQDFvaCQ3uZaiE3q1cQVgzTFd9,$857.59,09-Jun-2020,9:18:37 AM,Asia/Karachi,Span,Home,4
16NAHyd4AeF4dfqWwV6iRBZ5R3jizfzAE2,£1625.59,29-Apr-2020,5:18:42 AM,America/Lima,Fintone,Beauty,-1
15Z11wgjtL4zw42Jjug8buLPGESSPvfwDn,£2706.04,01-Dec-2020,,Europe/Berlin,Aerified,Garden,-2
1MMfCuWPPQLZHbnh2e9qseJ6JoF6vQLQjg,£4354.98,03-Jul-2020,6:45:25 PM,Asia/Jakarta,Domainer,Garden,10
1FC6bGSrhjH25usVKj2w8Fg6Hn6cpEcFvb,£8080.05,10-Sep-2020,6:25:10 PM,Europe/Belgrade,Latlux,Industrial,-5
1GvBV5gX7iXaX4NDG5USSHXhW4QQMoXAC3,"€1835,31",09-Nov-2020,5:16:58 AM,Europe/Prague,Daltfresh,,-2
13riqoS73GSScYNiP76DZQjoJ3JgaWu26M,¥1433.15,07-Jul-2020,7:28:48 PM,Asia/Vladivostok,Rank,Sports,7
1G54knytEtDHSvDnzuFRL3cKA9Gzym8heM,£699.42,31-Dec-2020,,Europe/Kiev,Tampflex,Computers,2
1HMRhC5nnqtPdw7mMCm9xasCuD8vmD9kMh,"€2490,49",04-Dec-2020,12:39:10 PM,Asia/Jakarta,Kanlam,Kids,10
1KQApwKX52aFuDBEWHnTWPS2V3kyKTktbh,$5345.45,21-Oct-2020,,Africa/Lagos,Home Ing,,11
1H18eTNWvY17eXCqYEZf1WvTC1CKhTjJff,$9715.15,09-Nov-2020,5:36:15 AM,America/Asuncion,Tres-Zap,Electronics,8
1GvBV5gX7iXaX4NDG5USSHXhW4QQMoXAC3,£5240.18,19-Dec-2020,10:16:55 PM,Asia/Manila,Stringtough,Music,-6
12VrC5atYzdAJjzyZXQ7GxeyxCi56bZw71,£9869.27,12-Feb-2021,9:41:56 PM,Europe/Warsaw,Fix San,Health,10
1Mhxos7G8dnUQTPzBQtMyGL8CqFFA8TGc6,"€189,25",10-Feb-2021,2:38:34 AM,America/Argentina/Cordoba,Temp,,-4
1AHondGMy7SHNC6rvfhtU9rFVAAyNwxm9E,$9702.22,11-Jun-2020,9:24:47 AM,America/Havana,Redhold,Electronics,10
1t92d8Yk77455adXKoeJEw6J9YURPTSDD,£103.82,26-Oct-2020,10:48:26 PM,Europe/Zaporozhye,Home Ing,Computers,11
115BcCJX4H945hTUx2fmwXFgMUmTeHzKks,"€2357,49",11-Nov-2020,10:38:37 AM,Asia/Jakarta,Fix San,Baby,10
1E8ndoqcvSfsbx1mXYmxR6DzztG4AhykvW,¥5178.78,17-Apr-2020,12:16:19 AM,Europe/Berlin,Sonair,Baby,-2
1BMuGHhHAqmkTobT25PFG43w3x5GFRrSKf,¥958.54,18-May-2020,,Europe/Stockholm,Voltsillam,Computers,-6
1KsbBzyaKg2qnhoge7rgR8tZYQKsiSdWFY,"€476,17",13-Feb-2021,1:38:48 AM,Europe/Moscow,Regrant,,-6
12Wg9evS5LtDSHJawo1qRiogdoQx6DEsDj,"€4323,31",07-Jan-2021,10:03:28 PM,Asia/Shanghai,Tampflex,,-3
169Dqf7ezw7XGWeSK2r3wHd7FiC3RfurUU,$8168.53,04-Mar-2021,,Asia/Jakarta,Zontrax,,10
18ftBsiEX43WguqXy6xjw69RJ7fMd4JA5t,"€9617,80",15-Mar-2020,2:13:20 PM,Asia/Makassar,Subin,,-8
1P9bbiBLQ22Fhkkc2yBTH3kae1PKWVPeEY,£7429.10,03-Mar-2021,2:25:17 PM,Asia/Shanghai,Lotstring,,-3
1WuAwQvSmyvTYnbcZdv9Aje5mmzFtRbY5,£2616.65,06-Aug-2020,3:23:07 PM,America/Bogota,Ronstring,Computers,-7
1vyMczWECZi4UyjrSeeg4bpUanozCZL3S,£3986.89,16-Jul-2020,12:50:05 AM,Asia/Colombo,Opela,Automotive,-2
1Mhxos7G8dnUQTPzBQtMyGL8CqFFA8TGc6,$616.69,10-Sep-2020,10:59:28 PM,Europe/Warsaw,Rank,Baby,10
17AYnfQM3pFqdW6hirHpKKiK8HkqinPnhd,£2260.58,29-Mar-2020,4:24:17 PM,Asia/Makassar,Subin,Baby,-8
18ok74R1XFA9ygS2PsdyXBGJJP2AVSke8S,$6954.51,19-Sep-2020,4:14:20 AM,America/Guatemala,Bitchip,Sports,-6
15XgrKkqc4sgcAwcBJ6wEzpAApkSydSUxj,"€7488,54",25-Feb-2021,10:26:43 AM,Asia/Tbilisi,Subin,Games,-2
1HApsqA6sdBNoheAq2k5HEp3HW1q8VaVsN,"€8430,67",02-May-2020,,America/Argentina/Buenos_Aires,Matsoft,Clothing,-8
1K455ong8v9yee9x3ZM1kWcMkm7cKYqEH5,$9671.17,22-Sep-2020,6:05:24 PM,Asia/Manila,Flowdesk,Beauty,-6
15Rd7KhafwvZWtxCjGjT9rLrn5Ri2Fq7tQ,£3014.89,24-Dec-2020,10:16:07 PM,Asia/Kuching,Stronghold,,-9
1AmV9kjoxC5w8QKPiKqRug4uDLSMfmHiQ2,$6585.78,03-Sep-2020,,America/Recife,Rank,Grocery,2
1K5HF4L2KbUj7JviJkRx6FehNrJdyAyf2V,$5418.85,30-Aug-2020,7:26:22 AM,Asia/Ho_Chi_Minh,Bigtax,Electronics,-6
1LEF7hCLDDjRJ4K65h4FnEaYZyepbM7dta,¥8267.42,30-Jul-2020,10:50:51 PM,Asia/Ulaanbaatar,Zathin,Movies,3
1GwMoGJQgs2M58XYhjHSeTiBSCxuQ92wy2,£2249.07,29-Jan-2021,2:00:44 PM,Asia/Makassar,Rank,Home,-8
1L9kUfhe5E25xSjfhtbjTKLbC98VVAWbXG,¥6105.52,12-Apr-2020,9:34:50 PM,Asia/Shanghai,Keylex,Electronics,-3
1DtqCG5xgvbnyJxQPFLRAYvk1kDXkTsRqC,$3472.97,10-Apr-2020,3:25:08 AM,America/Caracas,Tres-Zap,,-2
135Dz2EjDzmFjaT39p41EnyTegR4LHTots,"€4352,18",22-May-2020,7:41:50 AM,Asia/Almaty,Voltsillam,Toys,8
1Eqn8WQqPwo1cW2uyGnhdMPz2shcT1fvxk,"€7510,96",28-Mar-2020,7:00:50 PM,America/Bogota,Zathin,Home,-7
164cZCFafA4attwL8twdfmvss1mDqEFgU9,£5662.09,12-Apr-2020,2:33:40 PM,Indian/Reunion,Cookley,Baby,-6
1HZVMJW316psSnpbKvpScPFFrefkASmgNs,"€2878,47",28-Aug-2020,8:46:40 PM,Asia/Pontianak,Sonsing,Baby,-4
17KteT2FNShL9m5GKTFLK3ADc4JrigAPsJ,$1510.38,05-Aug-2020,8:59:15 AM,America/Lima,Regrant,Garden,-1
1GhuXPheSZyNobuPUqWoKozbEjA6SWy4vY,$1611.92,20-Feb-2021,4:55:47 PM,Asia/Bangkok,Namfix,Tools,7
13Ledy6KT2rVTqwEJXQL9cNeDXnhcDhvbS,"€8468,76",03-Nov-2020,11:40:30 PM,Asia/Shanghai,Stim,Jewelery,-3
1BXjdejnocqo3cuQ75mka6pmykA6EujDD1,¥8949.68,21-May-2020,2:31:25 AM,Asia/Manila,Andalax,Industrial,-6
1N3SpBv4RDG6mf5EjDLUbtA3JPViYUxw3g,£5321.20,01-Jun-2020,11:46:33 AM,Europe/Berlin,Toughjoyfax,Health,-2
19y9v65RN2SnvdMmM5bK2AWqNtgZ8vnBCj,"€8763,91",10-Mar-2020,12:20:21 PM,Asia/Shanghai,Span,Toys,-3
17U1KHFFZEdya9mQ6SxaYQWR9cgLjzubPL,"€8026,68",11-Jul-2020,2:07:07 AM,America/Chicago,Sonsing,Computers,-6
1CC4yfmpBzDCZwazHUTuEAyZ36NMHQd1y3,£79.87,12-Oct-2020,5:08:38 PM,Europe/Warsaw,Kanlam,Computers,10
13DYwpNkiUZAJZceZwzhsdJqr3mXbrNKo9,¥2079.17,13-Aug-2020,11:31:34 AM,America/New_York,Daltfresh,Industrial,-1
1BXjdejnocqo3cuQ75mka6pmykA6EujDD1,£336.33,27-Jul-2020,8:31:57 AM,Africa/Nairobi,Alphazap,Industrial,2
17fxjb2sXhxv2xm8LDzhntfeeKGkTaQBqb,£3301.85,01-May-2020,5:33:31 AM,Asia/Manila,Ventosanzap,Baby,-6
1BL5LUqqa9NXs1JmgXrKFkP3JZinP4jMFr,£4749.95,06-Nov-2020,12:12:37 AM,Africa/Lubumbashi,Sonair,Games,-9
1DuQgLuydME3HtXrYtDm6xk8agNqozhzs9,£5582.95,26-Mar-2020,11:32:42 AM,America/Sao_Paulo,Sonsing,,-4
1Ea2s2CW84XCMfpwoZoUs5TRRHDDhGzJMe,¥5583.96,26-May-2020,10:17:52 PM,Asia/Bangkok,Tin,Jewelery,7
1BgBxG26Bs4ryYQqNfLpDr4ThrBpvcAfpq,¥9753.24,31-Aug-2020,9:37:56 AM,America/New_York,Rank,Electronics,-1
1NrLXmBNvGy54dkkuMQLPMRGF1brugXo2C,£3555.62,12-May-2020,9:53:37 AM,America/Mexico_City,Kanlam,Jewelery,-2
1DYmhyBrZencWHjhJoRSA8ZL1noMwepU8A,¥6132.05,04-Aug-2020,11:47:58 AM,Europe/Stockholm,Holdlamis,Home,-6
1J2ipoaKTtpYiG8pH5vQ3AgzQfLXbLPcdw,$6532.26,09-Feb-2021,2:44:20 AM,Asia/Chongqing,Hatity,Health,2
1GN8fKJqRcgschEe1i4su3C19Q8gMNGxBE,£2761.63,29-Nov-2020,3:13:12 PM,Europe/Athens,Home Ing,Books,11
1BeuEzkZsEz7WsRKPiiDJFkMvvpt7CyjNo,"€9370,63",18-Aug-2020,1:18:41 AM,Asia/Irkutsk,Konklab,Books,2
1MTPwSsjuHodL2YbZDoFu3YKkGnY2V1JpX,"€1458,23",24-Apr-2020,1:34:08 PM,Asia/Kashgar,Pannier,Home,-7
1Mmex47uHCPjfM5vL6n7ftj8a6qsrC9L6k,¥6986.99,16-Dec-2020,10:21:23 PM,Asia/Makassar,Subin,Beauty,-8
1N5RsrDm5qkkBTswcZhopJAqX1qmV9jtc5,"€4351,97",09-Dec-2020,6:49:06 PM,America/Caracas,Otcom,,-2
1LXDyzPK2iAVjUmNjY5VT8hthamRDzjcX4,$8220.98,20-Jul-2020,2:48:39 AM,Africa/Cairo,Zoolab,Music,1
12r7LYCrmK7xdXNRR6m49WeA7qZWZ1rMGx,¥7483.44,06-Dec-2020,3:39:07 PM,Asia/Chongqing,Tresom,Music,2
1BaXPSJoDQpGFy1ivxFXwTYXZR4QjHJpcf,£4797.13,24-Feb-2021,12:31:46 AM,Europe/Lisbon,Kanlam,Music,2
18o5wRcHCHtFM25Aev4pp1y7uf2MWkmjQh,£210.51,08-Jun-2020,4:18:05 PM,Asia/Shanghai,Y-find,Beauty,-3
14Dw4HMPoHbd6Q9UEnAR7TkkytAphyE7aX,"€4467,25",01-Oct-2020,8:19:53 PM,Asia/Harbin,Greenlam,Outdoors,4
17JLZJZeSkEi5SPmygRt9qKU8vcu8fcZn,"€5543,46",06-Jan-2021,6:17:58 AM,Europe/Moscow,Zathin,Games,-6
1HCUqhWM2owSnwGxpDHTZqLvor8CYZzEYn,¥1909.38,08-Jan-2021,8:37:42 AM,Europe/Warsaw,Andalax,Jewelery,10
1D41bLpkkR6ccpauToCj5Ns7Pd427okjUL,¥6546.16,03-Apr-2020,5:13:06 AM,Atlantic/Cape_Verde,Zathin,Jewelery,-10
15EAV2vJiLjz4746HSokoF4AnHyYyxz7ts,£6277.14,28-Mar-2020,12:15:39 AM,Asia/Jakarta,Holdlamis,Beauty,10
16QwzkTRwzJ3Vj4k3GmP1KTvTvXRo3CDZU,£6231.47,13-Sep-2020,3:24:53 AM,Asia/Jakarta,Konklux,Beauty,10
1FXEQVgjCPH8eQD37NjMoxiL7YK9nuT5iV,$9726.75,03-Mar-2021,5:03:52 AM,Asia/Chongqing,Pannier,Automotive,2
1MrAnuZ1RA9nRrNd41CeWMLA74hyph4Wpz,$8344.89,16-Apr-2020,12:18:04 PM,Asia/Yerevan,Fintone,Outdoors,6
16SUCpFPvpMTGvXHckcnhMRBs2MexNSvSh,£8677.41,02-Nov-2020,1:03:38 PM,Europe/Warsaw,Gembucket,Kids,10
1Hm25Afv2uDMpWsHKBx91yLFSe6QwEMYaF,£6103.03,08-Feb-2021,,Asia/Shanghai,Cardify,Kids,-3
1LmbNg8Hsmux2W1ijPZtKmruNNjSEVeFnR,£7059.00,05-Apr-2020,1:04:39 AM,Europe/Belgrade,Tres-Zap,Automotive,-5
1E7KkVdMzp9XsfxCUNRcnF4ZFJVsv1q5Bs,¥2680.54,14-Jul-2020,10:27:50 PM,Asia/Seoul,Zamit,Health,11
1N5RsrDm5qkkBTswcZhopJAqX1qmV9jtc5,£5386.09,23-Sep-2020,4:52:32 AM,Europe/Warsaw,Quo Lux,Games,10
1rQwgY5Q2NykkjsTmmU6f6BswNzf7VJxq,"€2449,08",14-May-2020,11:24:34 PM,Asia/Muscat,Cardify,Industrial,4
1GhABKCFdFQpa4NviwECBERVfNi2i2jkyb,¥3258.82,17-Aug-2020,7:34:05 AM,Europe/Moscow,Daltfresh,Outdoors,-6
1gnYox6pvJQ8UbBdqGLWiXF1bHAdiBLao,£4847.76,09-Oct-2020,,Asia/Jakarta,Bitchip,Industrial,10
1JXzwurWTLPA5HvPayR1vFyUtxqX2L6dcn,$2852.29,10-Apr-2020,3:26:29 AM,Europe/Helsinki,Trippledex,,7
1NmTtByLPcyYdJ637TXmNRQ4ZydNZLsU3g,"€1198,40",04-Aug-2020,,Indian/Comoro,Span,,10
1LR7kKhG858oLMuPrttKpg3grBUW5qmgzQ,¥6375.20,01-Mar-2021,6:50:44 AM,Asia/Manila,Span,Health,-6
1KSnNvqFdsJTiXShcAaT84YQFsWnG8Xu5A,¥132.15,28-Feb-2021,9:14:39 PM,Europe/Tirane,Y-find,Electronics,-11
1LrEydAnEmgkXY2SpnkSKpQgXty6PE928j,£3012.92,25-Dec-2020,10:12:18 PM,Europe/Stockholm,Matsoft,,-6
1NVVe9oQG1uFJckAEdv2Um7SnQRYTUvgJs,£3393.23,08-Jan-2021,10:32:41 PM,America/Havana,Zoolab,Outdoors,10
173aMeMDR6wKbz962ysy9XLj8aa73Lh6gE,"€8604,01",16-Sep-2020,12:33:01 PM,Africa/Blantyre,Cardify,Beauty,9
18uXodTcwUGmm4pkErGWfrhGxQ7AHoMvbf,¥4797.40,04-Mar-2021,5:15:37 PM,America/Maceio,Sub-Ex,Outdoors,9
15EAV2vJiLjz4746HSokoF4AnHyYyxz7ts,"€8358,92",26-Jan-2021,7:22:32 AM,Asia/Novokuznetsk,Viva,Games,6
14Dw4HMPoHbd6Q9UEnAR7TkkytAphyE7aX,¥4638.13,24-Apr-2020,10:56:56 AM,America/Sao_Paulo,Biodex,Clothing,-4
17EVwP6kM3BprMGz5goSBVdak65T5NUYWV,£7588.75,04-Nov-2020,,America/Nassau,Hatity,Sports,-4
19w8vfFgZfEGQe5pJMA1PqWmyPDiP6tujk,"€4644,97",18-Nov-2020,1:42:37 PM,Europe/Stockholm,Wrapsafe,Computers,-6
13T1tChQtccvoaguQWSDoUJQQWwzDzimaX,£4869.59,22-Feb-2021,4:54:51 AM,America/Argentina/Salta,Job,Tools,1
1GhABKCFdFQpa4NviwECBERVfNi2i2jkyb,¥1674.93,23-Jul-2020,,Asia/Samarkand,Domainer,Garden,10
1BftEfo3K2ALXKFZx2FnD7WX7DGvEy3R2T,£6303.51,19-Jan-2021,4:01:59 AM,Asia/Chongqing,Home Ing,Health,2
1Ea2s2CW84XCMfpwoZoUs5TRRHDDhGzJMe,$1386.85,06-Apr-2020,10:17:02 PM,America/Lima,Rank,Games,-1
13LLf2yR8sjGX6Y6jzqcQBEvvd5BmxuK5V,£5621.93,11-May-2020,9:31:54 PM,Europe/Stockholm,Flexidy,Kids,-6
174kp1z284CuwnfDDQv4B4df2fuJ8ED1QR,"€6919,07",20-Nov-2020,,Asia/Chongqing,Otcom,Electronics,2
1PcTReRa8TmELxSfrKYDD9HGbZVZeAtYAU,"€7282,44",31-Aug-2020,1:54:26 PM,Europe/Zaporozhye,Keylex,Baby,11
1G38ZmWrXo9PquXxJw77x145r3bddUjg13,¥6130.84,10-Dec-2020,12:42:34 AM,Europe/Paris,Greenlam,Home,-6
149x2mR2N1jgqYepvJvT6VNLnaY6FbM1ym,¥3776.22,28-Oct-2020,,Africa/Bangui,Daltfresh,,7
1C1muH7khwsK2D5W6TYcmpcfbSUrNNYjif,¥3467.33,16-Jun-2020,6:52:00 AM,America/Bogota,Vagram,Automotive,-7
1Pd6Q2zDnNtAnh6cHpvUsGozZAj3EqUTXq,$8278.99,14-Feb-2021,7:52:13 PM,Europe/Berlin,Domainer,Sports,-2
1Bs2kpyV2mkEwaAdsdC4uELkELzfB9xHxQ,¥4937.53,08-Jan-2021,6:25:52 PM,Asia/Chongqing,Tresom,Music,2
1163SxBQg32BwvKEYZtx7vjQ3sMPeJ4y8J,"€9904,45",19-Aug-2020,2:25:19 PM,Europe/Moscow,Solarbreeze,Automotive,-6
18oX1QyUg3e14vbcXS6S31P4TcSReYZjWJ,¥8572.88,31-Jul-2020,4:16:53 AM,America/Vancouver,Stringtough,Baby,9
13LLf2yR8sjGX6Y6jzqcQBEvvd5BmxuK5V,"€8654,34",13-Sep-2020,1:39:38 PM,Asia/Tokyo,Duobam,,9
19tcdonrUtyVSDLqEUnfBNxvbYTqCWoWPF,£3927.84,17-Mar-2020,11:02:35 PM,Asia/Chongqing,Sonair,Clothing,2
1PaYWi7unW93HCykB3n3NFWitdMATtcJFS,$3090.82,29-Jun-2020,9:39:48 PM,Asia/Yakutsk,Treeflex,Computers,0
1Gyf2xz1SAJmtz7H9DVHLfk72arD434SSE,£348.16,15-Jan-2021,10:11:28 PM,Europe/Berlin,Regrant,Shoes,-2
1AiSPqHhebQH4aPSq26Q1856MPvrxMcJ2,£4177.45,16-Jul-2020,12:33:18 PM,Asia/Shanghai,Fix San,Automotive,-3
18gzCfesRJBm2dgHvsn7sXjE5oioTF6Whn,£8634.40,27-Jul-2020,11:05:58 PM,Europe/Stockholm,Tin,Baby,-6
1L9kUfhe5E25xSjfhtbjTKLbC98VVAWbXG,£2678.32,07-Feb-2021,1:05:37 AM,Asia/Pyongyang,Aerified,Shoes,5
1A5unwi9r9iQyLEVKs1mUYcDQzPjC44Ynq,¥3302.98,10-Feb-2021,4:36:30 PM,Europe/Warsaw,Alphazap,,10
1oWzq93tu4rKmW5ay4zj8tnfoCzrSyT6J,"€1638,78",08-Sep-2020,,Asia/Baghdad,Gembucket,Kids,3
16EjnAA9CArWe8yo779TV4rujzGsiytUNB,¥2610.54,14-Dec-2020,4:16:51 AM,Asia/Shanghai,Treeflex,Outdoors,-3
1K455ong8v9yee9x3ZM1kWcMkm7cKYqEH5,"€3173,74",11-Oct-2020,4:21:34 AM,Asia/Shanghai,Voyatouch,Industrial,-3
1QAWnk3QG28bkRvVVdoyaXMW4pVZEJpzPs,£4451.00,21-Oct-2020,7:26:49 PM,Asia/Jakarta,Rank,Home,10
1KwXZddGaSiBE3ogRHYqYcdFctPTYKxFra,£8647.24,25-May-2020,10:22:32 AM,Europe/Volgograd,Voyatouch,Clothing,10
1C1muH7khwsK2D5W6TYcmpcfbSUrNNYjif,£9344.65,08-Jul-2020,8:52:56 PM,Europe/Stockholm,Zontrax,Garden,-6
126kqjkx5i7B4hoNbwBVJvGdmBDjCMPbg8,$6089.09,01-Mar-2021,5:37:47 AM,Europe/Paris,Stringtough,Sports,-6
1KUcVfRVnLhRxSitsEpRKd7G2fmfZEr6Rg,"€7528,80",10-Sep-2020,4:21:33 PM,America/Mexico_City,Transcof,Books,-2
1DsGoR4tumMgbGCosc5HELWSVr15Ame5D2,¥3858.68,09-Sep-2020,11:54:27 PM,America/Guyana,Biodex,Books,5
18UZKGyrA2JxSgjCghfyJgmm2AkzhD5iYZ,¥4685.26,03-Jun-2020,9:18:06 PM,Asia/Chongqing,Stim,Automotive,2
1HBoQXhWC15Heeapn4sXHuqDg4KnLKTdCn,¥2614.35,11-Sep-2020,10:27:14 AM,Europe/Stockholm,Tempsoft,,-6
1A26ZrvEAkhbzsTQJadsiAnu7YQbsbTGap,"€2982,49",05-Sep-2020,7:34:41 AM,Europe/Ljubljana,Ventosanzap,Clothing,-2
12kiq1UUw6aBgnGZBMFZaW7hDbH51uA4A6,£9438.05,08-Nov-2020,12:23:49 PM,Asia/Urumqi,Redhold,Tools,-7
1vBhwoJPVUVTLhgLkUARTqL8tLziqNxUu,¥1333.66,20-Aug-2020,10:06:37 PM,Africa/Tripoli,Alphazap,Health,5
1BP5QwYH38annvyMcpjAop8qTJn9uFyuGP,¥6163.03,14-Feb-2021,2:09:35 AM,Asia/Jakarta,Transcof,Garden,10
1MAu6giDBTXryMgkpPM3CsPCtGpy1zNUHC,"€1538,25",27-Dec-2020,10:04:08 PM,Asia/Dhaka,Matsoft,,4
1C9RtDedeyrQpvRCsiTgUNkaGGLyFzCyAh,$9898.06,16-Nov-2020,4:21:44 AM,Europe/Stockholm,Opela,Clothing,-6
1K8Lh18Y3SKm6YWvJ2SRwiZpCQuqQNBaKR,$8145.91,27-Jan-2021,5:07:17 PM,Asia/Kuala_Lumpur,It,Books,-3
1B9rWdX9kBgXa6vVP3SGduyZR7CxyYjsno,¥9461.72,25-Oct-2020,11:31:06 PM,America/Lima,Stim,Tools,-1
1BruzwcjagPZXT95pNVYsN5xedWeGoCKZK,"€662,78",22-Oct-2020,11:19:36 AM,America/Tegucigalpa,Veribet,Music,1
1AjY5o4S5vBV91QKTFCbdhUrdz57mqoiek,$7121.82,10-Jan-2021,,Asia/Jakarta,Otcom,Kids,10
1BW1VrkNcQL6Sto5NpR4PTetfZ27hs71wb,¥7860.13,15-May-2020,8:29:33 PM,Europe/Moscow,Bitwolf,Health,-6
18UZKGyrA2JxSgjCghfyJgmm2AkzhD5iYZ,¥7549.03,09-Oct-2020,,Europe/Moscow,Zamit,Beauty,-6
1QAWnk3QG28bkRvVVdoyaXMW4pVZEJpzPs,¥4000.52,17-Nov-2020,4:45:24 AM,Asia/Chongqing,Asoka,Jewelery,2
12sXB57V3ob6VfJkBt8sRu4EvpySbYxvHH,$4617.30,12-Sep-2020,12:22:21 AM,Asia/Chongqing,Ventosanzap,Games,2
17U1KHFFZEdya9mQ6SxaYQWR9cgLjzubPL,$2833.94,06-Apr-2020,10:51:00 AM,America/Lima,Matsoft,,-1
1Ayk2URDzHUPCL1wKx2G7ij2LoaUSgneH3,£9998.72,03-Mar-2021,7:38:46 PM,Asia/Makassar,Y-Solowarm,Garden,-8
1GKdZztf5T6qCKbwqEAPFkhWFAZy2jXw2M,"€6756,45",28-Aug-2020,7:04:53 PM,Asia/Kathmandu,Temp,Music,6
12VrC5atYzdAJjzyZXQ7GxeyxCi56bZw71,¥5828.31,25-Jul-2020,10:01:23 PM,America/Bogota,Cookley,Clothing,-7
1x9crEV2145hSyR5EdGQE85PrQD8o3Rw5,¥1870.94,01-May-2020,3:43:22 PM,Europe/Lisbon,Alpha,Games,2
1beNnLU7jXxBEkwpk1xD8QABooZL3X3We,"€4299,62",07-Jun-2020,4:26:20 AM,Europe/Minsk,Tempsoft,,5
1KsLpFrgVCFiS3V5nNGTxxTUGqzcf4dGqj,"€1564,26",22-Nov-2020,8:47:11 PM,Europe/Tallinn,Span,Jewelery,11
19DjxBoRX8MUhyo4r4ZN9eFC51gSahcYSD,¥3328.00,11-Dec-2020,5:46:05 AM,Asia/Makassar,Voyatouch,Tools,-8
1LhqquKVRBP8LyugHbseDLyZ7NSBaRwhig,£6641.62,01-Jan-2021,12:23:34 AM,Asia/Makassar,Zaam-Dox,Health,-8
18nQKxT4z87ydHXrUVB1rnqkqr8vF1YckM,¥4533.02,20-Dec-2020,12:27:08 AM,Asia/Ho_Chi_Minh,Konklux,Kids,-6
1A26ZrvEAkhbzsTQJadsiAnu7YQbsbTGap,$3939.15,24-Jul-2020,11:09:13 AM,Africa/Tripoli,Viva,Books,5
1Nu1EGBDaKs87huxnHNTquxcjaVxeL1Xnp,¥8830.15,16-Nov-2020,11:26:24 PM,Asia/Shanghai,Tin,Movies,-3
1LRVCVHu77RQ3ipy1Z72baM3YosYJteEHk,"€4986,65",09-Nov-2020,4:12:28 PM,Europe/Warsaw,Redhold,Shoes,10
15QCRSVUv6QvTTPYf4NgXRpCpBHZD71phS,$5511.14,28-Dec-2020,7:26:01 AM,Asia/Kuala_Lumpur,Regrant,Books,-3
1MXraHFZ38hY8sQq4J6d7sh2sqcjDncDQJ,$1807.32,09-Sep-2020,,America/Denver,Domainer,,3
15kWDxDnx9iQJNgfn56MAmgosdy44ekpst,£5394.56,30-Nov-2020,6:29:46 AM,Pacific/Port_Moresby,Fixflex,Computers,-4
1FgiYmYDT25r6X1vgMbbhfbSxpwiGdGLwW,"€8085,26",30-Mar-2020,4:12:22 PM,Asia/Makassar,Fix San,Industrial,-8
1LsTe2EsADntv4ZWNdARPabC3xqrXjoF3H,£5355.68,21-Aug-2020,1:39:11 PM,Asia/Ho_Chi_Minh,Bitchip,,-6
12p93f97XLrkgPkxxtLuY2mT3nYrgfLQcG,"€5421,30",10-Dec-2020,7:22:37 PM,Asia/Shanghai,Job,Music,-3
1uXJ14Hb77nSayzwu6cYRb1gkpuxbPGg6,¥9291.12,21-Apr-2020,6:37:58 AM,Europe/Warsaw,Cardguard,Health,10
1PCCAoK9WNp94EuW9TZTvgyrvH2uZ5X3em,£4669.63,08-Nov-2020,9:51:48 AM,Asia/Jakarta,Sub-Ex,Beauty,10
1Bs2kpyV2mkEwaAdsdC4uELkELzfB9xHxQ,"€6949,72",17-Jun-2020,1:58:07 AM,Asia/Makassar,Konklux,Home,-8
1PpuXBBbPeRd7xrZ3hELHqMEWXzsUBiUEb,£1946.38,02-Feb-2021,5:41:36 AM,Asia/Tehran,Zathin,Electronics,-4
18uXodTcwUGmm4pkErGWfrhGxQ7AHoMvbf,£5462.92,27-Nov-2020,,Asia/Jakarta,Stringtough,Games,10
15pMy3TXZWHhiLqxHSADB1qtAkeEbx5Uig,"€7691,95",01-Jun-2020,1:45:50 AM,Africa/Kampala,Bytecard,Grocery,1
1NQhNGZYsG7C8oUXj2k6aJzKm48LWiu3JN,$6474.45,11-Jul-2020,9:54:19 PM,America/Lima,Konklux,Grocery,-1
17ZtN69HzN6tRFiDfhv6ENVm3ABtTNJ6VA,¥1440.29,17-Mar-2020,2:50:43 PM,Asia/Seoul,Pannier,Garden,11
1rQwgY5Q2NykkjsTmmU6f6BswNzf7VJxq,"€3875,95",25-Sep-2020,12:41:41 AM,Europe/Minsk,Voyatouch,Toys,5
12Q7jbutuvPaKEGhE34HxPNDgQGRRVbpMr,£8390.58,04-Mar-2021,5:38:38 AM,Asia/Shanghai,Greenlam,,-3
1Ay5A1dqyZShgkewqgCNRTGqp443SPq7oy,¥979.00,09-Jul-2020,,Asia/Seoul,Zoolab,Computers,11
1FNgafogQv2hcYc5dpwvUkstMaLnaPiS98,£6084.18,10-Jun-2020,3:53:34 PM,Europe/Paris,Lotlux,Shoes,-6
13T1tChQtccvoaguQWSDoUJQQWwzDzimaX,$518.96,19-Apr-2020,6:56:24 PM,Asia/Jakarta,Subin,Baby,10
1MPvv9jF1LN9TvVf5qm9QMkfY3BgUo55aQ,$428.92,22-Oct-2020,8:48:36 AM,Europe/Warsaw,Tampflex,,10
19KACeThiVUGu8uEE91DiaaBgmf86jYAJE,$4941.87,01-Dec-2020,9:16:09 PM,Europe/Athens,Tempsoft,Industrial,11
14tobUDiKfQgB6J6z4NNdpRyXF6YrJX4Yg,"€2032,26",09-Jan-2021,2:43:07 PM,Asia/Jakarta,Sub-Ex,Garden,10
16yGYfj2FAdFk3KxA52FREDzRjzvHWSMa3,"€880,16",14-Feb-2021,2:40:45 AM,Africa/Brazzaville,Sonsing,Home,-1
1KwBk4uwPtorVx1qMCuNfzGYGku36ppVrt,¥6701.78,18-Jun-2020,1:35:19 PM,Asia/Makassar,Temp,,-8
15QCRSVUv6QvTTPYf4NgXRpCpBHZD71phS,$9530.79,29-Jul-2020,2:31:41 PM,Europe/Warsaw,Cardify,Industrial,10
19DjxBoRX8MUhyo4r4ZN9eFC51gSahcYSD,£680.40,02-Sep-2020,6:29:30 AM,Europe/Warsaw,Asoka,Movies,10
1GwMoGJQgs2M58XYhjHSeTiBSCxuQ92wy2,"€2271,83",20-Feb-2021,9:44:23 PM,Asia/Makassar,Zathin,Music,-8
1ENqpsstTfUXx4iRG8XbEqL4LNFqeFE7Nf,"€5170,29",25-Dec-2020,10:02:59 PM,Asia/Harbin,Toughjoyfax,Toys,4
16Aq2xkjFyt2euUBzAzo8hDdDVCgkEYKXc,$4841.46,31-Jan-2021,10:39:03 AM,Africa/Johannesburg,Voyatouch,Electronics,-6
131c4AEK4b51LfpVWwWgs7j8Tfc2RYRg69,¥9428.33,31-Dec-2020,,Europe/Athens,Bigtax,Computers,11
13AGq4iCnWJADqhJkhTFzFMPQGNL53BBKv,£6969.62,06-Nov-2020,12:13:01 AM,America/New_York,It,Computers,-1
1AjY5o4S5vBV91QKTFCbdhUrdz57mqoiek,"€30,02",30-Dec-2020,8:21:35 PM,Atlantic/Cape_Verde,Tres-Zap,Outdoors,-10
1LXFCFFiuTCqHVknPQ2VgE57aUyj4c99Er,"€2893,51",21-Mar-2020,12:59:30 AM,Europe/Warsaw,Zamit,Beauty,10
1AjY5o4S5vBV91QKTFCbdhUrdz57mqoiek,"€9669,70",28-Aug-2020,8:59:52 AM,America/Mexico_City,Sub-Ex,Toys,-2
1PDXLMpuDVxgB49hh2HCnnN4wci8y1Kn4m,$944.79,14-Apr-2020,6:33:59 PM,Europe/Belgrade,Quo Lux,Computers,-5
1PXFg3KNYDD5f6nExnCPtzU4otJhyfz4nC,£8553.16,29-Nov-2020,7:47:17 PM,America/Costa_Rica,Quo Lux,Sports,-4
1ArYV3t2pwUgQuEW2smGL9pvsEgo5rHhcR,$4573.69,30-Nov-2020,6:52:07 AM,Europe/Moscow,Fixflex,,-6
1A5unwi9r9iQyLEVKs1mUYcDQzPjC44Ynq,¥5610.49,11-Aug-2020,9:38:45 PM,America/Sao_Paulo,Y-find,Music,-4
18t4skq5A4RUMpJyQMKKnKDSL4W2pAB6LE,£5928.20,31-Jan-2021,6:23:11 PM,America/Havana,Alphazap,Sports,10
1KWMUsXvbPHeBQeKTjWThh1kALtxhb5gVd,¥9436.53,25-Apr-2020,2:12:03 PM,Europe/Lisbon,Holdlamis,Books,2
12r7LYCrmK7xdXNRR6m49WeA7qZWZ1rMGx,¥2823.56,25-Jun-2020,8:28:42 AM,Asia/Almaty,Alphazap,,8
1DcMPZCwZQBdkyoK1LuExH26CMc28cYvLZ,$97.58,14-Nov-2020,8:08:51 PM,Asia/Jakarta,Holdlamis,,10
1KLec5gJuagd4xB3rb4pQYZ1nrkHBmNSWA,$9471.00,14-Nov-2020,4:44:46 PM,America/Edmonton,Ronstring,,8
1NSFgSQWxC7GtmBqoy24yHvAckJmTXHYvj,$4813.56,07-Dec-2020,6:38:46 AM,Asia/Manila,Bitchip,Movies,-6
19E8z6duyVRCWLqBVhxhxTx2muqAyQ6ZbV,$2100.16,01-Feb-2021,2:16:22 AM,Europe/Lisbon,Toughjoyfax,Outdoors,2
1AmV9kjoxC5w8QKPiKqRug4uDLSMfmHiQ2,£3811.25,02-Apr-2020,2:24:11 PM,Africa/Freetown,It,,1
1dyf8vaE73HSZtJMrAuc19czdBy1JkrXk,£5898.49,21-Jun-2020,11:18:59 AM,Asia/Makassar,Konklab,Music,-8
1Mt4Ko6HamoSFmWxPrbvLYYqAW56Y652t4,¥6427.83,16-Jun-2020,7:02:36 PM,Europe/Moscow,Trippledex,Outdoors,-6
12Wg9evS5LtDSHJawo1qRiogdoQx6DEsDj,$3982.62,20-Jan-2021,9:04:14 PM,Asia/Baku,Otcom,Home,-7
14A7xJxWgMatvjzpDGBDxKwLkdEimv4T8f,¥152.72,29-Jan-2021,7:17:34 PM,America/Argentina/Buenos_Aires,Cardguard,Beauty,-8
17RkEw3VajLhPtXZzQybZAUdAoBHFr5VAW,$482.86,12-Oct-2020,,Asia/Chongqing,Rank,Health,2
1ENqpsstTfUXx4iRG8XbEqL4LNFqeFE7Nf,¥4025.62,25-Mar-2020,5:03:28 PM,Asia/Harbin,Zoolab,Games,4
1KwBk4uwPtorVx1qMCuNfzGYGku36ppVrt,"€633,36",07-Aug-2020,,Africa/Casablanca,Voltsillam,Home,8
1XPrczhahgd6n95tXkM3zvVs4tq3SnSg2,$9274.44,31-May-2020,2:25:56 PM,Europe/Zagreb,Tin,Electronics,-9
1453fxrbGqqG4vu2JXXvBDb7FZnVW9JRcC,£2942.54,24-Dec-2020,11:17:06 AM,Asia/Manila,Gembucket,,-6
17fxjb2sXhxv2xm8LDzhntfeeKGkTaQBqb,"€9602,01",25-Feb-2021,8:13:08 AM,Europe/Dublin,Keylex,,-6
15bcfkxtzpy7WR5sACNSsytjBDnJ2K9JGT,"€1551,73",26-Aug-2020,8:26:40 PM,Asia/Jakarta,Prodder,Garden,10
1A26ZrvEAkhbzsTQJadsiAnu7YQbsbTGap,$121.17,14-Dec-2020,2:35:59 PM,Asia/Damascus,Aerified,Baby,-8
17gKXTFtoNapuNFb4PsBinNdmoEGZ38RDo,£1854.82,05-May-2020,2:09:04 AM,Asia/Jakarta,Latlux,,10
162sdFWDuC2RhgAQHUu4mtgK4ZkFfTBiWc,£2854.52,16-Jul-2020,3:45:40 AM,Asia/Jakarta,Veribet,,10
1KLec5gJuagd4xB3rb4pQYZ1nrkHBmNSWA,£9874.09,04-Jul-2020,10:27:50 AM,Asia/Shanghai,Redhold,Electronics,-3
1A24PEhDufSv3r3tYy7R8pQB61WEMvWmFU,$9544.73,13-Oct-2020,6:06:22 PM,America/Mexico_City,Lotlux,Jewelery,-2
1G7N1DguY6Ltr1T9t6tjcHd3CPK1YYxjnp,£4489.03,27-Sep-2020,2:32:26 AM,Europe/Dublin,Asoka,Kids,-6
1G38ZmWrXo9PquXxJw77x145r3bddUjg13,$4069.13,10-Aug-2020,11:33:36 AM,Africa/Lagos,Treeflex,Electronics,11
16HiMG3qMeEPjPj44imqEKBD1xSGk8XF88,"€2024,98",25-Jun-2020,6:45:22 AM,America/Montevideo,Daltfresh,Games,8
1Ea2s2CW84XCMfpwoZoUs5TRRHDDhGzJMe,¥2673.68,09-Apr-2020,5:50:33 AM,Asia/Vladivostok,Alpha,Tools,7
1NqorskfGX92DKJF3HxMY42Av5azgmE2Je,£7365.43,02-May-2020,8:55:27 AM,Europe/Stockholm,Transcof,Books,-6
1K1iVwAaNczijZWMUwAwehugdsfPf9Bbw1,"€1236,62",05-Jul-2020,,America/Sao_Paulo,Bigtax,Health,-4
1KWjqiNTTaFqfNGtfrHs1zQBcq4hXBkS27,¥3680.40,24-Apr-2020,4:17:21 AM,Asia/Chongqing,Opela,Shoes,2
18gs6TcHzLpJHraCcwcdKsrgr5dcKZA7xU,$2387.26,06-Feb-2021,2:22:41 AM,Asia/Chongqing,Konklux,Shoes,2
1CqY9h9TEvee4BNCRvmvv2sCRW839AEQA4,¥1594.62,23-Jun-2020,10:48:40 PM,Europe/Stockholm,Tempsoft,Jewelery,-6
1H3YCyBr26J9qpKc2qhwCSDwEbEt6KYWQG,¥2593.08,22-Aug-2020,,Europe/Madrid,Duobam,,0
1KYPRU4FaGNB4aFRaLAfnAW6yrv7Lfy9Fv,$586.50,20-Aug-2020,6:22:47 PM,Asia/Shanghai,Flowdesk,,-3
15ojB15ATp4bwcKWkhXgq6ScKn8p8RPn8V,$8321.57,15-Jan-2021,6:54:31 AM,America/Santo_Domingo,Holdlamis,Outdoors,6
1G6znY5JhUq8qT7nyNHuJ6ei6VEjVqFaET,¥8010.08,04-Aug-2020,2:21:07 PM,Europe/Budapest,Cookley,Sports,0
1Kdk5GvFrw9LwCPJetkSerxTH2Pfj67rpB,"€4479,01",11-Aug-2020,5:46:51 PM,America/Chicago,Konklab,Computers,-6
1K1g7MG6PgW2DoeUJHJeU6AbgbcAtmR4te,¥5971.14,17-Mar-2020,10:51:56 PM,Asia/Jakarta,Fintone,,10
1PNKiKYeGXFa5BNwBxkJfuhH44fkKvDuf2,£2178.46,20-Jun-2020,10:37:07 AM,Europe/Stockholm,Keylex,Health,-6
1HkZqT2m5xBFwbw3kdTCr9dPewFhjEH4jx,"€2870,27",30-May-2020,12:43:21 PM,Africa/Juba,Greenlam,Music,4
1LRSTYyUvfNiqzn5TNxL8pyH8VUkxQM4BL,¥5218.13,19-Mar-2020,5:09:35 PM,Europe/Vilnius,Cookley,Electronics,4
14uzA7tjf46CKN5PyhydmjaUSk3d8NijZx,£7832.95,21-Sep-2020,9:14:14 AM,Asia/Chongqing,Toughjoyfax,,2
1CqY9h9TEvee4BNCRvmvv2sCRW839AEQA4,"€7485,88",28-Oct-2020,1:10:55 PM,America/Moncton,Greenlam,Outdoors,5
1Mt4Ko6HamoSFmWxPrbvLYYqAW56Y652t4,"€5654,85",27-Jun-2020,,Asia/Bangkok,Asoka,Garden,7
17h1HP6Hkmt9sgoB3ha721faTEFmMkSkRZ,"€9556,65",11-Apr-2020,9:17:58 AM,Africa/Ouagadougou,Tin,,-7
18FuUyNrvpnNPdnr51e6LC72okvKnPhqYt,£4891.30,14-Jun-2020,,Europe/Amsterdam,Transcof,Books,-7
1Eyu1aw76p4m8k48uUs5cvkqaPyvfHPsQi,$9628.41,18-May-2020,7:45:43 AM,America/Panama,Vagram,Clothing,-3
1KCoSYQpDYHjWauVapAWfYsUNQhvJpTqVR,$1717.17,19-Dec-2020,2:14:35 PM,Asia/Ho_Chi_Minh,Lotstring,Grocery,-6
15raXUhEKADduUr4J9dCmaDdewEWUsXPPD,¥163.89,21-Sep-2020,10:45:18 PM,Europe/Volgograd,Hatity,,10
15jtghd4T2zUx78kNhauE1GuCtMpBzXNYY,"€624,41",14-May-2020,10:12:26 PM,Asia/Chongqing,Sonair,,2
1G6znY5JhUq8qT7nyNHuJ6ei6VEjVqFaET,£2204.14,22-Apr-2020,10:13:16 AM,America/Fortaleza,Lotlux,,0
1LhZZ5xNpNiaTFnN1dzrZ834C7wjXx6xyo,"€5758,93",07-Jun-2020,10:53:59 AM,Asia/Bangkok,Biodex,,7
1MjK4nvBgdL3CvPfzXbp979K3quSUMbcMo,¥1522.73,03-Feb-2021,,Asia/Yekaterinburg,Sub-Ex,,11
1JguR9Cj8Zb1TjD9esLz1wb4bBn9AFGBuR,£8633.17,06-Apr-2020,5:08:27 AM,Asia/Chongqing,Bytecard,Garden,2
17rLBfWMU4Y4anSvMearCePQagYGaXaawS,£8389.92,09-Oct-2020,9:41:37 AM,Asia/Makassar,Alphazap,Home,-8
1eqE4yzqsBMUfR1qqD3K8wpZRhNRXgj1c,"€5118,69",03-Oct-2020,5:43:40 AM,Europe/Kiev,Transcof,Music,2
1AZnMFY2xWrimNG9d3XDgYf7sLPNr9bkFK,"€2251,98",27-Sep-2020,10:27:52 AM,Europe/Lisbon,Domainer,Kids,2
1PabNNjxdPaqdv4YgHegWm8JwgKTtjUk3x,$4555.51,31-Mar-2020,5:23:59 PM,Africa/Porto-Novo,Sub-Ex,Automotive,-2
14NeyoZS6VuEq9bX4sByU972n8WUVfLRG6,"€22,56",27-Apr-2020,8:45:35 PM,America/Managua,Stronghold,Home,-5
1Fq9jjD6YopBZw8VHveaN4NPfyw9QMV4MR,¥7743.92,29-Sep-2020,,Asia/Shanghai,Otcom,Movies,-3
16oGNfQ7bApgVd8LLS88rhxuQ53XE33dPk,"€9305,33",02-May-2020,3:50:59 AM,Asia/Jakarta,Vagram,Books,10
1DYmhyBrZencWHjhJoRSA8ZL1noMwepU8A,$6564.26,29-Apr-2020,10:37:32 AM,Asia/Jakarta,Biodex,Tools,10
1XBKcg82vjj7jjf4byWwZnSD4vsf7zUzj,¥529.61,06-Oct-2020,11:22:57 AM,Asia/Chongqing,Tresom,Music,2
1H75rHYP68NtUdmRt1p47Ph89ea6UMkqYt,"€8987,45",31-May-2020,,America/Argentina/Cordoba,Home Ing,Automotive,-4
1Annf5kD1Tfef9hWPshwtYCXzVKjnXP7CJ,£8860.90,01-Mar-2021,11:45:15 PM,Asia/Kabul,Treeflex,Clothing,8
1BL5LUqqa9NXs1JmgXrKFkP3JZinP4jMFr,£3411.76,05-Jun-2020,5:28:59 AM,Asia/Manila,Treeflex,Automotive,-6
13TssnLdS3r8NWyuVyePosYuieNYPGkwmC,$8042.92,01-Sep-2020,9:15:51 PM,America/Argentina/Catamarca,Job,Computers,4
1LJF2P6EgAqHRyftT28Ky8HdewuHot5H3U,¥9453.91,10-Dec-2020,3:50:04 PM,America/Costa_Rica,Otcom,Electronics,-4
1BMXQwQz2zBZJhTPCED1xee9Qq1rgXyGNi,£2616.47,01-Sep-2020,6:11:42 PM,Asia/Manila,Biodex,Computers,-6
1NciGgrCD1Rrkstx5ErsVWZtwhz9uXKuQb,$4885.40,14-Apr-2020,6:23:12 PM,America/Santo_Domingo,Bitchip,,6
1453fxrbGqqG4vu2JXXvBDb7FZnVW9JRcC,$8240.51,23-Oct-2020,1:38:52 AM,America/Chicago,Flexidy,Books,-6
14oQqajAW2oSQcyAVQ5jrUGwUzebJkL7gZ,$1116.07,12-Aug-2020,11:50:01 AM,America/Sao_Paulo,Voltsillam,Sports,-4
1K1g7MG6PgW2DoeUJHJeU6AbgbcAtmR4te,"€9273,20",04-Jun-2020,4:14:06 AM,Indian/Mauritius,Bytecard,Shoes,0
1o9FBV5vS4rixoKmKhouCQvx8WmMaQBxo,$1101.29,02-Mar-2021,,Asia/Shanghai,Redhold,Home,-3
1GtRfUrAW3m6N5S3jzCoKvm82ttZ8CR3mX,"€1003,11",21-Apr-2020,2:26:59 PM,Asia/Omsk,Flexidy,Beauty,4
1CfTVWRgEASDXuczoQUGKrj2kiXXJUP7Vu,"€3319,01",02-Sep-2020,4:52:50 AM,America/Lower_Princes,Cookley,Health,4
16MBHTZNan1mimfT6in6NxnGMjEXmpNRco,"€5484,42",07-Jan-2021,6:32:45 AM,Asia/Kuching,Treeflex,Books,-9
13FXiWQgD1FAqdmFQYUPsUZEmVCV8DBjoK,$6345.72,24-Sep-2020,3:04:42 AM,Asia/Tokyo,Zamit,Sports,9
1BcoJbjUtgsz16DzqPfTwxg5kFVepyM6Tm,£9344.97,12-Oct-2020,7:31:45 AM,Asia/Tokyo,Stringtough,Jewelery,9
1E9TrcTmFhhwG7Rfe45Sipid4LkGwoYT9k,¥5033.53,20-Nov-2020,1:34:35 PM,America/Sao_Paulo,It,Toys,-4
17tM9YFm1WfQrJ1bW8oydxn9q7MfyVm57T,£7649.10,27-Jan-2021,,Africa/Dar_es_Salaam,Duobam,Computers,-11
1G54knytEtDHSvDnzuFRL3cKA9Gzym8heM,$9293.62,11-Oct-2020,4:42:23 PM,Europe/Moscow,Holdlamis,Beauty,-6
1D5sy7jL49yu4eREyxYfRmhYVVJaayHWAZ,¥1369.34,02-Feb-2021,1:37:40 PM,Europe/Stockholm,Asoka,Baby,-6
1EHYMfZ8gzpNfmeDeNJ6VQZSAcNcrmXqnP,$8550.81,02-Dec-2020,11:50:13 AM,Europe/Helsinki,Hatity,Automotive,7
1GqD4sw3LkfDiZeqaP2QPkm1kj3esWFZci,¥5657.05,01-Nov-2020,12:54:01 AM,Europe/Paris,Cardify,Garden,-6
1KgS2baffk7yTnBjwA7dAo4JK6ecf6vyZo,£7659.63,05-Jul-2020,8:15:49 AM,Asia/Shanghai,Fix San,Kids,-3
1N8q2yKfH4CuvQdfKa4kxUWeGWXkjjSjY,$8597.67,11-Aug-2020,8:04:20 PM,Europe/Riga,Transcof,Shoes,1
15Q7Q3wcvDMDZTV7dqtU7uCcpJ3rfNp9JR,$7377.42,15-Dec-2020,1:46:08 AM,America/Caracas,Voyatouch,,-2
12fZSy5PeMrkn7ZnkzDQeea7Ejx7f8syMc,"€2553,64",12-Jun-2020,11:17:01 AM,Asia/Harbin,Veribet,,4
1AYuZWv6femR92W6xsPvjwfYcK5phLsn7E,"€6507,20",20-Dec-2020,3:42:05 PM,Asia/Chongqing,Zamit,Music,2
1PBgcWwzL8BcgdX2WonTXzx2c7D6GuHxAB,£8368.84,06-Nov-2020,9:49:10 AM,America/Porto_Velho,Voyatouch,,-3
16Aq2xkjFyt2euUBzAzo8hDdDVCgkEYKXc,$6170.04,05-Feb-2021,6:10:40 PM,Africa/Maputo,Cookley,Clothing,10
1N8q2yKfH4CuvQdfKa4kxUWeGWXkjjSjY,"€7548,27",22-Dec-2020,11:21:46 PM,Europe/Tirane,Konklux,Health,-11
1NT48PR9kVFdDuDeMLiTg3MHPwNEjcEZic,"€8084,29",20-Aug-2020,3:59:34 PM,Asia/Phnom_Penh,Y-find,Movies,-6
1LrEydAnEmgkXY2SpnkSKpQgXty6PE928j,¥5005.41,22-May-2020,2:04:41 AM,Asia/Shanghai,Solarbreeze,,-3
1NqorskfGX92DKJF3HxMY42Av5azgmE2Je,£5359.57,12-Jan-2021,3:36:38 AM,Asia/Jakarta,Cardify,Kids,10
1A5vgW3J6GeLa9BxiBXmbQPLw7RjmgBX5A,¥4998.15,29-Apr-2020,2:52:35 AM,Asia/Vientiane,Voltsillam,Toys,5
1DsGoR4tumMgbGCosc5HELWSVr15Ame5D2,"€8451,24",03-Feb-2021,,Asia/Jakarta,Biodex,Music,10
13q3QxRNsksDNdVhRJnQMb8WLxnH2RqW4A,$7120.29,30-May-2020,3:30:54 AM,Asia/Chongqing,Span,Industrial,2
1Q91gF7coQk4X6tiwMN7KPJ8uLN4KMCite,£4384.66,02-Aug-2020,3:02:59 PM,Europe/Minsk,Holdlamis,,5
1HA9CaTQtFwQ2CWLq9W3GqvM4xzZe7NjXd,$1098.89,15-Sep-2020,2:01:26 AM,Europe/Volgograd,Y-find,,10
1CqBDNrFYZaeMCdcgRiU1ZbreMBhAPALMQ,¥4423.72,13-Mar-2020,2:13:06 PM,Asia/Shanghai,Flexidy,,-3
15pMy3TXZWHhiLqxHSADB1qtAkeEbx5Uig,¥2564.55,08-Mar-2021,11:02:46 PM,America/Mexico_City,Flowdesk,Health,-2
1Ph64hYpd1Qx9GsKaBgKV6MtBVsUveZdLF,"€9720,71",01-Oct-2020,7:14:18 PM,Asia/Ulaanbaatar,Voyatouch,Home,3
1PabNNjxdPaqdv4YgHegWm8JwgKTtjUk3x,"€6255,99",03-Nov-2020,8:25:29 AM,Asia/Bangkok,Greenlam,Industrial,7
1N4f4uvTETEVFysTfcBpXqV2CL1sPHa4WD,£1963.90,20-Jun-2020,6:59:44 AM,Asia/Chongqing,Stronghold,Games,2
19E8z6duyVRCWLqBVhxhxTx2muqAyQ6ZbV,£4426.81,10-Nov-2020,8:35:45 AM,Asia/Chongqing,Matsoft,Computers,2
1NbCvdiYXyNiXqUH7guNc8Kk5HagpVbjom,$2119.34,25-Jan-2021,9:20:03 PM,Asia/Chongqing,Flowdesk,,2
1H3YCyBr26J9qpKc2qhwCSDwEbEt6KYWQG,£1430.19,19-Jan-2021,,Europe/Andorra,Regrant,,-5
1GvC5Mk7TgwjUHkEEPXegTiCr5QoBtWVAs,¥2692.96,15-May-2020,9:41:57 AM,Asia/Kashgar,Mat Lam Tam,Tools,-7
1AwZc2ThqABLVnYpm443xkk9LUwZcaNvQ3,¥536.88,07-Jul-2020,6:58:11 AM,America/Mexico_City,Sonair,Sports,-2
1NEbM6q72qvEoQg6kApECqDxDtjpcWrcHv,$1327.26,17-Sep-2020,7:13:34 PM,Asia/Manila,Tres-Zap,,-6
12r7LYCrmK7xdXNRR6m49WeA7qZWZ1rMGx,$7952.24,24-Aug-2020,3:38:06 AM,Europe/Stockholm,Tin,Garden,-6
1LJd6WaZEm8NVQMpp9NveNgAcmh8J54FCT,"€5288,00",12-Dec-2020,9:05:35 AM,Africa/Douala,Aerified,Baby,6
1MrAnuZ1RA9nRrNd41CeWMLA74hyph4Wpz,$9867.16,16-Aug-2020,4:42:26 AM,America/Lima,Stim,Outdoors,-1
1LSbHgqKrFaWbqMLcqx17DA7aMAmBjdYXE,"€4073,93",02-Oct-2020,2:50:55 AM,Asia/Chongqing,Zontrax,Electronics,2
1N4f4uvTETEVFysTfcBpXqV2CL1sPHa4WD,"€2320,18",11-Apr-2020,12:30:10 PM,Europe/Dublin,Y-find,Outdoors,-6
18vqD1sKJ8o4iMApgc5btJi4NefPiWJ6hN,$6185.99,03-Jul-2020,2:38:50 AM,Asia/Tokyo,Biodex,,9
1JPprMcRDj8qnr7AhEG5UG87SJpW3qu1Mz,"€9269,76",28-Aug-2020,,America/Argentina/Cordoba,Fintone,,-4
1NXkB4eisfGQ2Jwshpkt98L8qsa2gcW1Pm,"€4888,54",03-Mar-2021,11:20:23 PM,Asia/Chongqing,It,,2
1Githceqpu2a37bv5UfKuDb4E67rZjaFFc,¥4253.35,05-Jan-2021,7:11:04 PM,Asia/Makassar,Zontrax,Jewelery,-8
16MTeN8b5WfrVSEfDeJDGNtsoHPtuYkKvh,£7650.09,28-Sep-2020,9:03:32 AM,Europe/Helsinki,Cardguard,Industrial,7
1AZnMFY2xWrimNG9d3XDgYf7sLPNr9bkFK,"€6176,84",13-May-2020,6:40:47 AM,America/New_York,Overhold,Garden,-1
1BtgPNHNxAHSHzo6GKcSe7GjLL5pq4tSw,£9210.43,04-Jun-2020,7:18:38 PM,America/Sao_Paulo,Y-Solowarm,Music,-4
168hfvFT8oyqhmzTYp5G3oStApPK1qudjg,£661.62,20-Jun-2020,6:22:25 PM,Asia/Shanghai,Stim,,-3
1H7c13THbWUzGcx78bQpzCoUAYCTYSaYpE,$7003.24,04-Feb-2021,,America/New_York,Gembucket,Outdoors,-1
164cZCFafA4attwL8twdfmvss1mDqEFgU9,¥7130.67,01-May-2020,12:13:24 AM,Europe/Moscow,Trippledex,,-6
19yzV1K5FVrDNF5k7jD91V551ZYBkRMsCd,$4194.01,02-Oct-2020,1:57:43 PM,Europe/Sofia,Fintone,Baby,3
12jmLByL7ngA6TLpRPNAtuh7Src7LGhiKn,¥5170.74,10-Aug-2020,7:55:04 PM,Africa/Lagos,Fixflex,,11
1Pxkvv2W8qSPss1sKvqKR8EWpMXSfFNhKu,¥9996.47,17-Jun-2020,9:56:03 AM,Asia/Ho_Chi_Minh,Prodder,Industrial,-6
1DU95rgGc29Kamgyu9KNMFNodzETC6poqi,£1398.57,26-Nov-2020,7:55:15 PM,Asia/Chongqing,Daltfresh,Industrial,2
1MBYyhoVA6G2x2scXLhxYba98bdLf62Eee,£1969.23,25-Jun-2020,10:31:01 PM,Europe/Warsaw,Redhold,Computers,10
14Dw4HMPoHbd6Q9UEnAR7TkkytAphyE7aX,$956.51,28-Aug-2020,,Africa/Dakar,It,Books,-11
12xh5kDEqLAFigZnXZ4WVaXNdwzaBR6tdT,£2411.95,27-Oct-2020,9:15:43 PM,America/Lima,Biodex,Grocery,-1
12jmY92yCjuvSzXZ6yqLT1dLpAnCJozjas,$7767.66,11-Jan-2021,2:27:32 PM,Asia/Jakarta,Prodder,,10
1NjFSLndbGMQN5vYrJDJuC41J7xUxMFQ6,"€8721,03",15-Jan-2021,8:32:02 PM,Europe/Warsaw,Wrapsafe,Shoes,10
15LpZyaJyJcMjF47nEVBKTYVpivHYRR2ii,¥926.45,29-Oct-2020,6:17:17 AM,Asia/Manila,Zaam-Dox,,-6
1Githceqpu2a37bv5UfKuDb4E67rZjaFFc,$2055.38,06-Aug-2020,6:24:43 AM,Asia/Chongqing,Otcom,,2
1NTjmg2Pk7m6CnLZ2mn5sYKogTTKyndU8D,"€7296,38",25-Jul-2020,7:05:43 PM,Europe/Skopje,Veribet,Movies,11
1PyRrbFGT9zP2Qzb9YSnWogQAiJZDiQU6Q,¥564.00,22-Apr-2020,4:50:42 PM,Asia/Harbin,Lotstring,Industrial,4
115BcCJX4H945hTUx2fmwXFgMUmTeHzKks,"€9939,08",06-Oct-2020,4:05:11 AM,America/Lima,Overhold,,-1
1BXjdejnocqo3cuQ75mka6pmykA6EujDD1,$2694.16,08-Sep-2020,3:32:05 PM,Europe/Warsaw,Cardify,Baby,10
1DcQvXSjTqsMYCBCYzALZCHdD4g3t34Gmw,¥7647.02,03-Nov-2020,,Asia/Muscat,Viva,Music,4
1EecWe3x5g8uiiJryFtrn9LGKVbumQyZGX,$9292.51,07-Feb-2021,1:06:28 PM,America/Lima,Matsoft,Games,-1
1Dkn7aSZJvYxxZuqC5hFZCQKcQZSeQ74dp,$3516.24,09-Oct-2020,,Asia/Manila,Cardify,,-6
1H7c13THbWUzGcx78bQpzCoUAYCTYSaYpE,£7891.74,22-Sep-2020,1:36:34 PM,Asia/Chongqing,Latlux,Industrial,2
171MJtCC7PugYsq6KMDaYB9fpJL1kCuRep,¥8358.76,16-Apr-2020,7:09:09 PM,Asia/Makassar,Kanlam,Industrial,-8
1FQdyzGckRCZicvPDgNcrtCRadY2Yy7Tgp,£8459.62,09-Apr-2020,7:34:41 PM,Europe/Moscow,Bigtax,Clothing,-6
19EeXXwbKtzib8nnqrfJQXL7bA4BuC89bL,¥8061.20,09-May-2020,4:16:41 AM,Asia/Damascus,Bytecard,Automotive,-8
1GuFnFzW9MwdT3jcNgQtnkv255sE6JgQy6,$5981.78,12-Oct-2020,6:33:57 PM,Europe/Prague,Andalax,Computers,-2
16LiiGdhkHHEUZ7XzPcUUN1oyAvTXnXGNz,¥8509.02,01-Jan-2021,6:55:22 AM,Asia/Makassar,Biodex,Music,-8
1MPvv9jF1LN9TvVf5qm9QMkfY3BgUo55aQ,"€444,30",05-May-2020,10:20:03 AM,America/El_Salvador,Y-find,Books,-10
18hdjKHZGotnvkd9ASrKiAiFKr2DphGz5d,$5082.29,19-Jul-2020,12:41:31 PM,Asia/Chongqing,Namfix,Grocery,2
1K7aGHtF9doAazzk1oAoRQL9BY6HCr1M9,£5117.41,07-Feb-2021,7:19:14 AM,Europe/Lisbon,Sonair,Home,2
1AzGL4iqVSw9LiKJaZx3opMupZdVSz2TzC,¥3781.10,03-Sep-2020,3:07:58 AM,Asia/Makassar,Bigtax,Computers,-8
1KKmNh9fcNYoRp4oYaYjVZtxmcFNfC4H6y,£6603.47,21-Jun-2020,9:41:14 PM,America/Lima,Bigtax,Outdoors,-1
1DPZ6Jjnd3EuV8HWJ8bGrPU61RMDLkFyXs,¥449.25,02-Nov-2020,,Asia/Shanghai,Cardguard,Toys,-3
1LRVCVHu77RQ3ipy1Z72baM3YosYJteEHk,"€7658,18",03-Jul-2020,6:42:46 PM,Asia/Kabul,Alphazap,Baby,8
1Q52FQNyAi3UApXvx4XYmgoHKZ8FC5efG3,¥3848.29,19-Nov-2020,11:37:18 AM,America/Fortaleza,Wrapsafe,Health,0
1Fq9jjD6YopBZw8VHveaN4NPfyw9QMV4MR,"€7040,21",01-Dec-2020,7:49:08 AM,Europe/Prague,Flowdesk,Industrial,-2
1Gyf2xz1SAJmtz7H9DVHLfk72arD434SSE,"€2963,19",24-Oct-2020,5:23:59 AM,Asia/Manila,Daltfresh,Garden,-6
1PBgcWwzL8BcgdX2WonTXzx2c7D6GuHxAB,"€4956,57",22-Sep-2020,4:59:15 AM,Europe/Belgrade,Voltsillam,Kids,-5
1FXEQVgjCPH8eQD37NjMoxiL7YK9nuT5iV,¥2052.78,15-Apr-2020,5:14:03 AM,Africa/Lagos,Redhold,Baby,11
18tHYowsQdKPm1zCn7qunSjCBEei6gYuFV,$9525.35,22-Jun-2020,12:34:19 AM,Europe/Paris,Tresom,Games,-6
1Hpc6phAu1zsHwpqnwwAybTnfhsQuagn1b,¥3690.76,31-Dec-2020,8:28:09 AM,America/Toronto,Bitchip,Beauty,8
1TEnWKfH2jkz1oqFgWHrqdjK7yXWasQxN,¥3359.45,29-Jan-2021,9:24:29 PM,Europe/Simferopol,Latlux,Toys,-11
1PxKQya51vbtV21fRpbBXnukGbJpASe5kL,"€8083,15",11-Jun-2020,7:50:08 AM,America/Los_Angeles,Toughjoyfax,Kids,-3
18aXqvYZKAiHhnVAEAEzKfeTj5gPZCmAmg,£5231.94,22-Dec-2020,4:29:18 AM,Africa/Lagos,Fintone,Tools,11
1QEKV5sXxy7tUAv9PmXf6cPBtXzuPiAeSr,¥1538.30,14-Dec-2020,5:51:05 PM,America/Argentina/Cordoba,Y-Solowarm,Sports,-4
1CXwjwd9x5aKpwGB3e6p3LgMrDiaUqTLoz,$3070.96,13-Mar-2020,3:29:02 PM,Africa/Accra,Sonsing,Clothing,-7
1L9kUfhe5E25xSjfhtbjTKLbC98VVAWbXG,"€4539,46",06-May-2020,6:47:14 AM,America/Detroit,Tempsoft,Clothing,3
18zkYT6L6aCHiYgCrn5K82fsLJyjpttyvY,£8601.12,01-Sep-2020,7:10:39 AM,Asia/Chongqing,Zaam-Dox,,2
13riqoS73GSScYNiP76DZQjoJ3JgaWu26M,¥7296.28,12-Dec-2020,12:11:52 PM,America/Managua,Bamity,,-5
1GatFEdbTvCypX4LwJTwizZpgdtFsPMDW2,$9736.49,26-Oct-2020,1:31:01 PM,Asia/Manila,Stronghold,Shoes,-6
1EF6RTUfn7chVTa2tm9w6EKruPYicWwAKY,$1801.03,10-Jun-2020,9:43:23 PM,America/New_York,Temp,Industrial,-1
1JGZsf2KNgrvtmNeY6mDx4gnfo1QbGwaH,¥2519.70,20-Jul-2020,10:05:51 PM,Europe/Moscow,Asoka,Outdoors,-6
1DQ8hnHMR65VejAeQk8aUiFQqm666y6p7a,"€3682,61",23-Jan-2021,8:32:31 AM,Europe/Lisbon,Holdlamis,Electronics,2
14oQqajAW2oSQcyAVQ5jrUGwUzebJkL7gZ,£3925.56,16-Mar-2020,10:57:39 PM,Asia/Ho_Chi_Minh,Ronstring,Clothing,-6
1ErnnrFCtQvCqQc66UqhFhM8HBy4nSragG,"€5012,85",27-Jan-2021,10:25:34 PM,Europe/Oslo,Quo Lux,Clothing,5
1DouQwbCwXVrLFhyFxwCCvoifPTiveUNPb,$8404.60,15-Aug-2020,10:59:04 PM,Europe/Prague,Tampflex,,-2
12xgcEJyfzs1G8JvtU5UZnTus9RZFRAP7s,£1522.08,25-May-2020,5:34:10 PM,Europe/Tallinn,Treeflex,Baby,11
18K9opJsW9PmjejAbJPDi96LX4fL6CHyDE,¥809.81,22-Jun-2020,9:59:33 PM,America/Denver,Wrapsafe,Books,3
1PCiYoXK83v9JJ67wqb8Kd9pU9QL854SJ5,$688.64,24-Nov-2020,10:47:31 PM,Asia/Chongqing,Flexidy,Health,2
1AVpsXdWRbsAQ3m8ma1xoHiJSQFyVuzNf2,"€6932,53",05-Sep-2020,,Asia/Manila,Y-find,Industrial,-6
12NGVbsrTnqS8ThXVvCph283RVyadtQzn9,£4474.96,21-Jun-2020,,Asia/Colombo,Stringtough,Home,-2
1HBab368TBcUfkJWwj643yPgWSaJfnB2Lx,¥7188.53,16-Feb-2021,11:46:25 PM,America/Caracas,Ventosanzap,Industrial,-2
1JfLg2UkKQDFvaCQ3uZaiE3q1cQVgzTFd9,$618.71,26-Oct-2020,1:32:29 PM,Asia/Chongqing,Tempsoft,Clothing,2
15ENSwNndskWm84uhP9rdaT7Kx5SjZ45JT,$9308.31,13-Apr-2020,3:04:01 PM,Europe/Moscow,Sonair,Home,-6
1QLarYTxJijnyUbVfCr6WS5GLvnVPhxbHk,£1062.08,05-Apr-2020,12:26:51 AM,Europe/Minsk,Sonair,,5
1K3qKyx3ju4DW4VFx1LdmvFyQN9kQaNc2S,¥3958.93,16-Dec-2020,12:01:19 PM,Europe/Uzhgorod,Transcof,Tools,-1
1G5pZ4zbKfzbYVnvcDr43uM8wMAQuerLZB,£3101.05,07-Sep-2020,6:39:04 AM,Asia/Shanghai,Alphazap,Electronics,-3
1KsLpFrgVCFiS3V5nNGTxxTUGqzcf4dGqj,¥1238.06,02-Jan-2021,7:41:59 PM,Africa/Casablanca,Home Ing,Jewelery,8
1FhGBWrJVqgWqT1ozoqJW8hoqpo7r2aVdT,¥6430.42,15-May-2020,,Europe/Stockholm,Solarbreeze,Books,-6
15mp1C8hQeZ8gU5cqT61YBevptAtsjdWZQ,"€744,28",17-Feb-2021,10:06:16 PM,America/Mexico_City,Asoka,,-2
1GZhSe9QRj2WbryGEAqbe5Rk16vteokVzV,$6882.29,18-Mar-2020,9:12:13 AM,America/Sao_Paulo,Hatity,Toys,-4
1JGZsf2KNgrvtmNeY6mDx4gnfo1QbGwaH,"€9399,85",06-Sep-2020,4:08:19 PM,Asia/Jakarta,Wrapsafe,Automotive,10
1Bs2kpyV2mkEwaAdsdC4uELkELzfB9xHxQ,"€1906,96",06-Nov-2020,11:49:40 AM,Europe/Amsterdam,Span,Jewelery,-7
1N39ohjUVhB7Zabo7V2CiLWuaturfuqNQ6,"€7287,19",19-Jan-2021,,Asia/Hebron,Asoka,Computers,9
1MmGWy8wg8fEvL4AsnKw6WiXc2d7RRaW8w,£7278.26,13-Apr-2020,5:46:35 AM,America/Argentina/Cordoba,Domainer,Beauty,-4
18oX1QyUg3e14vbcXS6S31P4TcSReYZjWJ,$6317.84,30-Jul-2020,5:38:52 AM,America/Bogota,Sub-Ex,Outdoors,-7
1GgD87jFL6o4rqmpkcAuz6wbnGuM5tyyvR,"€194,64",26-Nov-2020,1:03:24 PM,America/Lima,Greenlam,Electronics,-1
17xUSHAV9MzvoeY2SorjGDU4dkBxTWDiV2,¥2619.01,03-Mar-2021,12:30:02 AM,Asia/Manila,Cardify,,-6
19SkkoytdK7z3bo2cf2WRVan2Xzgh8ibZA,¥3277.92,19-Aug-2020,10:14:40 PM,America/Chicago,Alpha,,-6
1HCUqhWM2owSnwGxpDHTZqLvor8CYZzEYn,¥9506.19,29-Jan-2021,,Europe/Warsaw,Stim,Kids,10
18zFa8W3VwQkgxGX1M5iAweQsUyniuxmWR,£7123.25,29-Apr-2020,7:28:55 PM,Asia/Jakarta,Aerified,Beauty,10
1KD3tFveUYTg5MDWFSqxHugjyjrRssXP5d,¥9121.61,11-Jan-2021,10:49:20 AM,Europe/Warsaw,Domainer,Garden,10
1mTBAfGut4Eu1DdqZr6p4Ci21PqWXqscd,£9532.98,22-Aug-2020,5:55:55 PM,Asia/Manila,It,Music,-6
19rSK2EWrFsKsGEXTDEuS7TEzSGqkXU3RD,£1934.94,20-Feb-2021,4:30:59 AM,Europe/Warsaw,Solarbreeze,Games,10
17WSYeFrWTvVzXMD12QhWw9fSC51DkoVEf,¥4691.87,23-Sep-2020,2:35:45 AM,Europe/Lisbon,Sub-Ex,Kids,2
1CbwEGGHTP4e1cVdfsgiUuaQCjG8xwZ6At,£5495.67,25-Apr-2020,3:39:03 AM,Asia/Hebron,Aerified,,9
17h1HP6Hkmt9sgoB3ha721faTEFmMkSkRZ,"€1584,82",01-Dec-2020,11:34:11 PM,Asia/Makassar,Asoka,Baby,-8
1NeNBqgn46o8jbeNiizpdTnkWtkL6JyBLn,£9752.02,17-Dec-2020,7:27:24 AM,Asia/Makassar,Cardify,Electronics,-8
1LFjwHwRj43k7tK6cqe9MKbYeskk1u3Ef,£738.62,12-Jan-2021,8:23:38 PM,Africa/Harare,Veribet,,-3
1Hm25Afv2uDMpWsHKBx91yLFSe6QwEMYaF,$8238.90,08-Nov-2020,2:58:03 AM,Africa/Ouagadougou,Sonair,Baby,-7
13VtrCcfZB9QQRb731QtLT2AU8VtfJVPid,"€8796,47",09-Dec-2020,8:37:27 PM,Asia/Tokyo,Regrant,Grocery,9
1MmGWy8wg8fEvL4AsnKw6WiXc2d7RRaW8w,"€103,72",03-Sep-2020,8:05:00 AM,Europe/Riga,Sonair,Sports,1
1JLnmLgZMkr9z3W3mxApv9egAdB62VsVWx,$2943.74,07-Jul-2020,11:47:16 PM,Europe/Lisbon,Asoka,,2
14oQqajAW2oSQcyAVQ5jrUGwUzebJkL7gZ,¥1782.30,24-Apr-2020,,Africa/Johannesburg,Stringtough,Toys,-6
1HUMmnTHBzrbLeJXgMogpY3petEFrc4caT,¥2082.34,07-May-2020,5:02:09 AM,Europe/Zaporozhye,Alpha,Toys,11
1D9p5nSsA6rmeQMi4Fq1vi2TM8g29BsTga,¥1307.17,24-May-2020,2:24:13 PM,Europe/Paris,Holdlamis,Toys,-6
17EVwP6kM3BprMGz5goSBVdak65T5NUYWV,$1695.65,22-Jan-2021,7:15:20 AM,Europe/Paris,Bamity,Baby,-6
1P9bbiBLQ22Fhkkc2yBTH3kae1PKWVPeEY,"€3682,98",30-Nov-2020,1:24:57 AM,Asia/Manila,Sonair,Industrial,-6
1Q95tcbitjk2aq7py8cMuJYWvEPePbfBkG,£1735.48,21-Sep-2020,11:45:41 PM,Europe/Stockholm,Flexidy,Games,-6
12NMzttfT6kwSt5Yiet5BwSqNAc5x7VEwt,¥3671.80,02-Nov-2020,1:57:45 AM,Asia/Omsk,Holdlamis,Baby,4
1FNgafogQv2hcYc5dpwvUkstMaLnaPiS98,"€4683,86",02-Aug-2020,8:55:20 AM,America/Bogota,Tempsoft,Books,-7
12YwtidQNHVdWs4eKUrcMsoD3bb7vhz4EA,$9089.98,06-Feb-2021,9:44:11 AM,Asia/Bangkok,Ventosanzap,,7
115BcCJX4H945hTUx2fmwXFgMUmTeHzKks,£4373.51,01-Apr-2020,2:56:05 PM,Europe/Zagreb,Vagram,Toys,-9
1N3SpBv4RDG6mf5EjDLUbtA3JPViYUxw3g,"€2875,86",01-Jan-2021,11:47:31 AM,Europe/Zaporozhye,Cardify,Tools,11
1EyAuy6izRKuQpi4swgrsskF43bGQKDbU9,£8935.14,14-Sep-2020,9:09:32 PM,Europe/Dublin,Cookley,Garden,-6
1AtWXNneX6bchgcv9qEiWAJMnTT19omEnR,¥7525.58,17-Jun-2020,12:23:23 PM,Asia/Kabul,Sonsing,Jewelery,8
19LHaRKA3gkMUN4AsLt26k9hyJ3Pmpu9Pg,$3490.94,24-Dec-2020,4:58:47 PM,Asia/Shanghai,Vagram,,-3
15pMy3TXZWHhiLqxHSADB1qtAkeEbx5Uig,£514.52,15-Jan-2021,,Asia/Jakarta,Bitchip,Books,10
1Hm25Afv2uDMpWsHKBx91yLFSe6QwEMYaF,"€3580,84",24-Sep-2020,,Europe/Warsaw,Lotlux,,10
1APDYzpxgKp9S266ZCLpmundPm4zwrfj5i,¥7672.95,13-May-2020,9:08:12 AM,America/Port_of_Spain,Namfix,,3
1BP5QwYH38annvyMcpjAop8qTJn9uFyuGP,¥9083.91,06-Oct-2020,11:16:21 PM,Asia/Manila,Rank,Movies,-6
16YneGSKqgdVtTfPKmwbAhyGozr4JSg6Hy,$6901.00,26-Feb-2021,10:44:16 AM,America/Argentina/Cordoba,Tres-Zap,Electronics,-4
1HEF6E1jEaMj75eGEUfQBPyngyq1zXqdSg,£7493.51,06-Jul-2020,6:17:43 PM,Asia/Makassar,Asoka,Health,-8
14Z32pEeFphd3DH63ZvA3UPGp5kQZtykb1,¥7.84,15-Apr-2020,4:47:20 AM,Asia/Manila,Mat Lam Tam,Toys,-6
19DjxBoRX8MUhyo4r4ZN9eFC51gSahcYSD,£6058.50,24-Mar-2020,4:30:34 AM,Asia/Shanghai,Stringtough,,-3
1D8pT5UiFmmqsGR7HCk984GidHPnTn6Bpx,"€7898,09",17-Jan-2021,11:53:06 AM,Pacific/Tahiti,Stringtough,Baby,-1
17EVwP6kM3BprMGz5goSBVdak65T5NUYWV,£7593.72,18-Dec-2020,5:51:24 AM,Asia/Jakarta,Bitwolf,Baby,10
19dGmnPW1RUaTciBbYVna3tXBjHXq8SbML,£9325.61,05-May-2020,8:30:33 AM,Asia/Chongqing,Veribet,Industrial,2
1AHondGMy7SHNC6rvfhtU9rFVAAyNwxm9E,¥5844.41,11-Oct-2020,3:16:47 AM,Europe/Lisbon,Fintone,,2
1GbBVhxixbCkjEbjmyecz6QGMeq6JPxdQN,$5989.93,23-Feb-2021,2:26:51 PM,Europe/Warsaw,Subin,Books,10
1EL9vFKsKG8Ejd4KpjkcTW6ta5BZmrSihs,$3940.62,08-Oct-2020,2:28:23 PM,Asia/Manila,It,Music,-6
1AJr9NZU3sK8UaDJhwvbVafB9UCPjpxFmb,$9555.85,06-Sep-2020,7:58:34 AM,Asia/Bangkok,Viva,Automotive,7
1AzGL4iqVSw9LiKJaZx3opMupZdVSz2TzC,$5484.15,03-Feb-2021,5:13:54 PM,Asia/Shanghai,Domainer,Baby,-3
1K5WpWyZv57k24SNC9uZzW1fp2mPy8tYW9,¥770.58,01-Jan-2021,11:45:19 AM,Asia/Chongqing,Kanlam,Toys,2
1BJc14ZnVPhBXq8erS4CPup2iBj5B1h61G,£2494.76,09-May-2020,7:42:30 PM,Asia/Chongqing,Flowdesk,Jewelery,2
1KtymHGuuJwEy6PzZ5PVmXrZEaPJcshXoJ,£6350.93,10-Nov-2020,5:06:15 AM,Asia/Jakarta,Konklab,Tools,10
1C9RtDedeyrQpvRCsiTgUNkaGGLyFzCyAh,$9111.78,10-Mar-2020,11:31:52 PM,America/Sao_Paulo,Tin,Outdoors,-4
16kan1K5vRJxqQFzruKHAvznV6Xfbh59w,"€2680,50",20-Aug-2020,10:51:02 AM,Asia/Ulaanbaatar,Bitwolf,,3
18Nmj7uDsS4dr5rN55Qw7fuxmBCLmFhvwN,"€2793,49",01-Jun-2020,5:20:31 AM,Asia/Urumqi,It,Games,-7
1Eacz2E3UcUzd4LEASsXZkH41K2SkTzyyy,£7458.18,05-Oct-2020,2:07:11 AM,America/Chicago,Sonsing,Tools,-6
1AGSr7QkCjyYNQ8XsDCW9wN2qLYkRckUkj,$4502.75,04-Jan-2021,1:04:43 AM,Asia/Chongqing,Asoka,,2
167LHkX6dbmCJjijZzHW6PtUt2nja27FF6,$1069.69,04-Jul-2020,4:44:25 AM,Asia/Shanghai,Duobam,Sports,-3
1LorpsysmfgkrxXQxJacVsqnGETgf6c45v,£6298.50,16-May-2020,5:56:22 PM,Europe/Warsaw,Fintone,Health,10
1MSzLPN6WuRpjeJUYSf73Myqy3TU6SNLc2,"€2119,94",28-Dec-2020,7:14:15 AM,Asia/Shanghai,Span,Movies,-3
16Aq2xkjFyt2euUBzAzo8hDdDVCgkEYKXc,£4176.41,13-Apr-2020,,Europe/Moscow,Asoka,Baby,-6
1LJd6WaZEm8NVQMpp9NveNgAcmh8J54FCT,£177.41,01-Jul-2020,12:20:52 PM,Asia/Jakarta,Temp,Music,10
1B6C9pFXRSxFL5agh87zFAUrWJrJHvKCmo,"€1156,01",13-Apr-2020,5:46:39 AM,America/Sao_Paulo,Lotlux,,-4
169V9PPK7aGQEceL4VX1sTghfrwRg2j1oH,£7278.91,21-Jun-2020,2:53:51 AM,Europe/Stockholm,Holdlamis,Outdoors,-6
1MdiXkN9oirzDDJRVy3FTCQgNsoD56jWbF,¥8281.65,23-Mar-2020,11:05:32 AM,Europe/Stockholm,Ventosanzap,Sports,-6
1EvEUcSHFEkeGgTW1W4G4NHao75psfghUk,¥4562.84,27-Jul-2020,10:26:13 AM,America/Costa_Rica,Opela,Computers,-4
18t4skq5A4RUMpJyQMKKnKDSL4W2pAB6LE,$1683.29,08-Apr-2020,3:49:08 PM,Europe/Warsaw,Sonsing,Clothing,10
1AT9ZYyoVjuWXdxRDBYKZihH9uP4ZkQJQZ,¥5704.92,16-Sep-2020,8:54:53 PM,Asia/Chongqing,Fixflex,Electronics,2
138eKhaJ9hYPLDvaWXEWZVfbdmpMRBp6nk,"€1002,94",21-Oct-2020,2:13:36 PM,America/Guayaquil,Zaam-Dox,Garden,6
172LLBwYAH455ipQYTCxTHgpPLv1yYxQs7,¥5133.11,28-Jun-2020,5:38:07 PM,America/Sao_Paulo,Duobam,Electronics,-4
15EAV2vJiLjz4746HSokoF4AnHyYyxz7ts,$9212.36,12-Dec-2020,12:35:44 PM,Europe/Lisbon,Solarbreeze,Books,2
1FsYEber3L11W7UWSrtbGrzNuzTxt9xQa8,"€6504,66",17-Nov-2020,10:53:52 AM,Europe/Luxembourg,Stim,Computers,-4
15CTNNVhFuMTuHsE3Bnfh9t6bKGwZe5LMw,$4439.84,25-Jun-2020,5:26:09 PM,Asia/Hebron,Zontrax,Grocery,9
1AJXSf9tvLZC4kF41vx93Rr41Q4Thpp19r,£6168.28,10-Aug-2020,1:32:08 PM,Europe/Paris,Daltfresh,,-6
1QJ2bF8h2QLB7mVk2gkp3hoxcFdR5AYV75,"€5885,59",24-Jul-2020,,Asia/Bangkok,Job,Movies,7
16kvgpcFGLipQphodCDy22g4pkkoX585ds,"€685,14",06-Jan-2021,8:56:41 AM,Europe/Paris,Subin,Health,-6
1MGP31dRA2SwBeCoqYgS9d6AJjjViGwpfU,$1773.96,02-Aug-2020,10:25:00 AM,Asia/Jakarta,Ventosanzap,Sports,10
1LtYQuDJ1aSv2hGgAY1KjqY53WwFeo5Vk8,£8785.36,24-Apr-2020,5:52:12 AM,Asia/Yekaterinburg,Tampflex,Toys,11
1GLb7c4p2WU1QqceR3PPXHsRWUF8HbPuu1,£3465.09,18-Oct-2020,10:06:46 AM,Europe/Belgrade,Treeflex,Music,-5
1Len4LzJ8JYd37hGxE3ru6zQM4xoAmp4Dr,"€9270,27",31-Aug-2020,12:48:56 PM,Africa/Luanda,Job,Health,-11
1AJXSf9tvLZC4kF41vx93Rr41Q4Thpp19r,¥4096.16,26-Aug-2020,11:51:21 AM,Europe/Helsinki,Matsoft,Electronics,7
1KKmNh9fcNYoRp4oYaYjVZtxmcFNfC4H6y,$9407.58,14-Mar-2020,11:31:36 PM,Europe/Prague,Andalax,Industrial,-2
1L3cBsEo6wzcj5aHJWGmXm6A4k8gB7xcQr,£9142.53,03-Jun-2020,,America/Chicago,Daltfresh,Books,-6
1tWHi856LLxFBefgimuQK7qB8KhUPUU6h,£1455.91,18-Jun-2020,12:51:35 AM,Asia/Jakarta,Namfix,,10
1MGP31dRA2SwBeCoqYgS9d6AJjjViGwpfU,"€5751,30",13-Feb-2021,,Europe/Lisbon,Wrapsafe,Kids,2
1GMASu65kkSoBPJkpW4r2QZqGis3meTfAJ,£1037.58,19-Sep-2020,,Asia/Chongqing,Cardguard,Industrial,2
1NeVkfGuvsh2QdggwDve93Cb8ipgUhaUfA,"€3072,09",27-Oct-2020,2:21:31 AM,America/Bahia,Konklux,Kids,-8
1brn6x8APKnZfhTqmJHqkLyrhdmWp3fyu,¥6811.74,28-Jun-2020,6:43:24 PM,Asia/Kuala_Lumpur,Mat Lam Tam,Clothing,-3
1DpciTAj3xXM3dHXiGFR5VT8Sa2upfaVDb,¥8956.38,14-Nov-2020,6:08:18 PM,Asia/Yakutsk,Ronstring,Automotive,0
1GdeQzAFwo6uDru2vc6sLTH7xaX2pcDbDM,$1520.04,11-Dec-2020,11:17:23 PM,Asia/Jakarta,Rank,Industrial,10
13ZZoohGiuX483tXgND2bhD42v7ETg3pcz,¥1366.11,21-Jan-2021,3:43:14 PM,Asia/Manila,Alpha,Books,-6
1MwxzcfVb1bgM36AJKcpsGaecswBcgGLsd,£7591.96,05-Jan-2021,5:06:39 AM,Europe/Stockholm,Veribet,Toys,-6
1i86NCo4dHzuaBVq8SPaQTxBPwmGzu7cK,$819.74,03-Dec-2020,4:42:25 PM,Asia/Chongqing,Sonsing,Music,2
1GnesyGWWrk3aR2GijR65Re1UnErECtNDL,¥6561.41,12-Sep-2020,10:18:14 PM,America/Rio_Branco,Sub-Ex,Grocery,4
1AknKkbcgUpnGULeTsrmDjCeSmNorEhQp2,£2834.96,16-Mar-2020,2:04:34 AM,Asia/Manila,Bamity,Shoes,-6
16EiidiFKefVNK7NeG42S7uL39JKx7yvbu,"€1057,20",14-Aug-2020,,Asia/Jakarta,Latlux,Sports,10
1Py3qKx3MjeBMi5uVGg4xgnv3XFTrRCoQC,£9299.86,26-Apr-2020,9:42:57 AM,America/Los_Angeles,Sonsing,Home,-3
128U1g2PhYQfDHe9DoimGgnXADbkkzFLpv,¥3683.45,30-Apr-2020,4:24:08 AM,Asia/Chongqing,Asoka,Health,2
1Gyf2xz1SAJmtz7H9DVHLfk72arD434SSE,¥1900.64,03-Dec-2020,7:45:30 AM,Africa/Blantyre,Veribet,Beauty,9
12VrC5atYzdAJjzyZXQ7GxeyxCi56bZw71,"€238,15",07-Oct-2020,11:31:51 AM,Asia/Kuala_Lumpur,Treeflex,Garden,-3
1B3TDkUvRXdVmu1Nan35qVKtXuj2rY4Tr7,¥6550.33,16-Oct-2020,12:34:44 AM,Europe/Lisbon,Lotlux,Industrial,2
1JExYVkQH17mjs6y42onSSBTGELymH6GL,£1379.11,15-Oct-2020,,Asia/Chongqing,Mat Lam Tam,Electronics,2
1Ep9iBpAqiupY3r81yAKiNpJLg4LN665ML,¥102.83,31-Aug-2020,6:10:40 PM,Europe/Za